# vtk DataFile Version 5.1
ITK-SNAP coord sys for 3D Slicer: SPACE=RAS
ASCII
DATASET POLYDATA
POINTS 2952 float
-175.5 -163.5 116.68 -175.5 -163.352 117 -175.352 -163.5 117 
-177 -163.5 115.651 -177 -162.88 117 -178.5 -163.5 115.651 
-178.5 -162.88 117 -180 -163.5 116.362 -180 -163.222 117 
-180.427 -163.5 117 -175.5 -165 115.651 -174.88 -165 117 
-177 -165 114.75 -178.5 -165 114.75 -180 -165 114.943 
-181.5 -164.23 117 -181.5 -165 115.499 -182.979 -165 117 
-175.5 -166.5 116.236 -175.138 -166.5 117 -177 -166.5 114.943 
-178.5 -166.5 114.75 -180 -166.5 114.75 -181.5 -166.5 114.75 
-183 -165.023 117 -183 -166.5 115.651 -183.75 -166.5 117 
-175.5 -167.12 117 -176.25 -168 117 -177 -168 115.956 
-178.5 -168 114.943 -180 -168 114.943 -181.5 -168 115.412 
-183 -168 116.539 -183.299 -168 117 -177 -168.88 117 
-177.514 -169.5 117 -178.5 -169.5 115.651 -180 -169.5 115.956 
-180.88 -169.5 117 -181.5 -169.05 117 -183 -168.299 117 
-178.5 -171 116.539 -178.151 -171 117 -179.051 -171 117 
-180 -170.38 117 -178.5 -171.951 117 -175.5 -162 120.513 
-175.5 -161.726 121.5 -175.065 -162 121.5 -177 -162 119.421 
-177 -161.406 121.5 -178.5 -162 119.535 -178.5 -161.487 121.5 
-180 -162 120.667 -180 -161.787 121.5 -180.372 -162 121.5 
-174 -163.5 120.217 -174 -162.95 121.5 -173.572 -163.5 121.5 
-181.5 -163.5 119.039 -181.5 -162.75 121.5 -182.565 -163.5 121.5 
-174 -165 119.25 -173.25 -165 121.5 -183 -165 117.032 
-183 -163.784 121.5 -184.5 -165 119.493 -184.5 -164.25 121.5 
-186 -165 121.18 -186 -164.852 121.5 -186.148 -165 121.5 
-174 -166.5 119.493 -173.277 -166.5 121.5 -184.5 -166.5 118.349 
-186 -166.5 120.151 -186.647 -166.5 121.5 -174 -168 119.961 
-173.345 -168 121.5 -175.5 -168 118.044 -184.5 -168 118.588 
-186 -168 120.151 -186.714 -168 121.5 -174 -169.5 120.151 
-173.38 -169.5 121.5 -175.5 -169.5 119.057 -177 -169.5 117.764 
-181.5 -169.5 117.764 -183 -169.5 118.588 -184.5 -169.5 119.25 
-186 -169.5 120.736 -186.45 -169.5 121.5 -174 -171 120.151 
-173.38 -171 121.5 -175.5 -171 119.25 -177 -171 118.349 
-180 -171 117.764 -181.5 -171 119.057 -183 -171 119.443 
-184.5 -171 120.456 -185.25 -171 121.5 -186 -170.12 121.5 
-174 -172.5 120.248 -173.468 -172.5 121.5 -175.5 -172.5 119.057 
-177 -172.5 118.044 -178.5 -172.5 117.272 -180 -172.5 118.588 
-181.5 -172.5 119.25 -183 -172.5 119.912 -184.05 -172.5 121.5 
-184.5 -171.88 121.5 -174 -174 121.169 -173.88 -174 121.5 
-175.5 -174 119.004 -177 -174 117.934 -178.5 -174 118.304 
-180 -174 119.057 -181.5 -174 119.443 -183 -174 120.736 
-183.425 -174 121.5 -174 -174.192 121.5 -175.088 -175.5 121.5 
-175.5 -175.5 120.678 -177 -175.5 119.717 -178.5 -175.5 119.961 
-180 -175.5 120.151 -181.5 -175.5 120.736 -182.074 -175.5 121.5 
-183 -174.574 121.5 -175.5 -175.844 121.5 -177 -176.288 121.5 
-178.5 -176.25 121.5 -180 -176.147 121.5 -181.5 -175.88 121.5 
-174 -162 124.884 -174 -161.787 126 -173.722 -162 126 
-175.5 -161.168 126 -177 -160.9 126 -178.5 -161.104 126 
-180 -161.383 126 -181.445 -162 126 -172.5 -163.5 125.557 
-172.5 -163.352 126 -172.393 -163.5 126 -181.5 -162.032 126 
-183 -163.5 122.699 -183 -162.825 126 -184.5 -163.5 124.06 
-184.5 -163.05 126 -186 -163.5 125.557 -186 -163.393 126 
-186.148 -163.5 126 -172.5 -165 124.14 -172.05 -165 126 
-187.5 -165 125.368 -187.5 -164.789 126 -187.666 -165 126 
-172.5 -166.5 124.14 -172.05 -166.5 126 -187.5 -166.5 123.578 
-188.355 -166.5 126 -172.5 -168 124.14 -172.05 -168 126 
-187.5 -168 123.039 -189 -167.878 126 -189 -168 125.826 
-189.058 -168 126 -172.5 -169.5 124.14 -172.05 -169.5 126 
-187.5 -169.5 123.088 -189 -169.5 125.104 -189.299 -169.5 126 
-172.5 -171 124.14 -172.05 -171 126 -186 -171 122.544 
-187.5 -171 123.557 -189 -171 125.104 -189.299 -171 126 
-172.5 -172.5 124.913 -172.245 -172.5 126 -184.5 -172.5 122.264 
-186 -172.5 123.557 -187.5 -172.5 124.011 -188.898 -172.5 126 
-189 -172.25 126 -172.5 -173.074 126 -172.91 -174 126 
-184.5 -174 123.28 -186 -174 124.412 -187.5 -174 125.669 
-187.648 -174 126 -174 -175.5 124.427 -173.627 -175.5 126 
-183 -175.5 122.73 -184.5 -175.5 124.77 -185.426 -175.5 126 
-186 -175.05 126 -187.5 -174.165 126 -174 -176.117 126 
-175.5 -177 124.307 -174.75 -177 126 -177 -177 123.039 
-178.5 -177 123.039 -180 -177 123.507 -181.5 -177 123.75 
-183 -177 124.461 -184.017 -177 126 -184.5 -176.426 126 
-175.5 -177.836 126 -176.426 -178.5 126 -177 -178.5 125.236 
-178.5 -178.5 125.236 -179.25 -178.5 126 -180 -178.138 126 
-181.5 -178.12 126 -183 -178.294 126 -177 -178.925 126 
-178.5 -178.95 126 -174 -161.787 130.5 -173.722 -162 130.5 
-175.5 -161.25 130.5 -177 -161.104 130.5 -178.5 -161.25 130.5 
-180 -161.652 130.5 -180.75 -162 130.5 -172.5 -163.352 130.5 
-172.393 -163.5 130.5 -181.5 -162.348 130.5 -183 -162.686 130.5 
-184.5 -162.75 130.5 -186 -162.971 130.5 -186.888 -163.5 130.5 
-172.05 -165 130.5 -187.5 -164.005 130.5 -188.347 -165 130.5 
-172.05 -166.5 130.5 -189 -166.45 130.5 -189 -166.5 130.335 
-189.023 -166.5 130.5 -172.05 -168 130.5 -189.364 -168 130.5 
-172.05 -169.5 130.5 -189.45 -169.5 130.5 -171.971 -171 130.5 
-189.45 -171 130.5 -171.883 -172.5 130.5 -189 -172.5 127.246 
-189.154 -172.5 130.5 -172.5 -174 128.393 -172.152 -174 130.5 
-188.388 -174 130.5 -189 -172.78 130.5 -172.5 -174.815 130.5 
-172.816 -175.5 130.5 -186 -175.5 126.764 -187.5 -175.5 128.905 
-187.931 -175.5 130.5 -174 -177 127.836 -173.193 -177 130.5 
-184.5 -177 126.764 -186 -177 128.057 -187.5 -177 129.484 
-187.865 -177 130.5 -174 -178.5 129.553 -173.587 -178.5 130.5 
-175.5 -178.5 127.23 -180 -178.5 126.764 -181.5 -178.5 126.764 
-183 -178.5 126.272 -184.5 -178.5 127.588 -186 -178.5 128.443 
-187.5 -178.5 129.862 -187.778 -178.5 130.5 -174 -179.138 130.5 
-174.75 -180 130.5 -175.5 -180 129.27 -177 -180 127.78 
-178.5 -180 127.588 -180 -180 128.057 -181.5 -180 128.057 
-183 -180 127.811 -184.5 -180 128.25 -186 -180 129.456 
-186.75 -180 130.5 -187.5 -179.044 130.5 -175.5 -180.75 130.5 
-176.426 -181.5 130.5 -177 -181.5 129.736 -178.5 -181.5 129.151 
-180 -181.5 128.912 -181.5 -181.5 128.649 -183 -181.5 128.912 
-184.5 -181.5 129.736 -185.12 -181.5 130.5 -186 -180.75 130.5 
-177 -181.88 130.5 -178.5 -182.214 130.5 -180 -182.55 130.5 
-181.383 -183 130.5 -181.5 -183 130.43 -181.617 -183 130.5 
-183 -182.55 130.5 -184.5 -181.95 130.5 -181.5 -183.042 130.5 
-174 -162 131.554 -175.149 -162 135 -175.5 -161.78 135 
-177 -161.272 135 -178.5 -161.175 135 -180 -161.627 135 
-180.932 -162 135 -172.5 -163.5 130.943 -173.722 -163.5 135 
-174 -163.149 135 -181.5 -162.194 135 -183 -162.299 135 
-184.5 -162.339 135 -186 -162.481 135 -187.5 -163.5 132.602 
-187.5 -162.97 135 -188.173 -163.5 135 -172.5 -165 132.36 
-173.345 -165 135 -189 -165 133.769 -189 -164.565 135 
-189.307 -165 135 -172.5 -166.5 132.36 -173.277 -166.5 135 
-189.43 -166.5 135 -172.5 -168 132.44 -173.169 -168 135 
-189.274 -168 135 -172.5 -169.5 132.643 -173.013 -169.5 135 
-189.274 -169.5 135 -172.5 -171 134.104 -172.654 -171 135 
-189.274 -171 135 -172.5 -171.28 135 -171.907 -172.5 135 
-189.102 -172.5 135 -171.593 -174 135 -188.806 -174 135 
-189 -172.864 135 -172.5 -175.5 131.739 -171.64 -175.5 135 
-188.701 -175.5 135 -172.5 -177 132.668 -171.655 -177 135 
-188.942 -177 135 -172.5 -178.5 132.993 -171.647 -178.5 135 
-189 -177.163 135 -189 -178.5 133.597 -189.53 -178.5 135 
-172.5 -180 134.053 -172.019 -180 135 -174 -180 131.73 
-187.5 -180 131.544 -189 -180 133.461 -189.75 -180 135 
-172.5 -180.685 135 -173.202 -181.5 135 -174 -181.5 133.77 
-175.5 -181.5 131.73 -186 -181.5 131.544 -187.5 -181.5 132.557 
-189 -181.5 133.651 -189.75 -181.5 135 -174 -182.298 135 
-174.815 -183 135 -175.5 -183 134.053 -177 -183 132.75 
-178.5 -183 132.039 -180 -183 131.264 -183 -183 131.264 
-184.5 -183 132.088 -186 -183 132.75 -187.5 -183 133.412 
-189 -183 134.539 -189.299 -183 135 -175.5 -183.507 135 
-177 -184.12 135 -177.75 -184.5 135 -178.5 -184.5 134.236 
-180 -184.5 133.22 -181.5 -184.5 132.504 -183 -184.5 132.557 
-184.5 -184.5 132.943 -186 -184.5 133.956 -186.88 -184.5 135 
-187.5 -184.05 135 -189 -183.299 135 -178.5 -184.95 135 
-180 -185.575 135 -180.75 -186 135 -181.5 -186 134.236 
-183 -186 133.651 -184.5 -186 134.236 -185.074 -186 135 
-186 -185.202 135 -181.5 -186.362 135 -183 -186.62 135 
-184.5 -186.362 135 -178.5 -160.5 138.301 -178.5 -160.226 139.5 
-178.005 -160.5 139.5 -180 -160.5 137.999 -180 -160.01 139.5 
-181.5 -160.5 138.449 -181.5 -160.135 139.5 -183 -160.5 138.604 
-183 -160.201 139.5 -184.5 -160.5 139.326 -184.5 -160.442 139.5 
-184.622 -160.5 139.5 -175.5 -162 136.157 -176.163 -162 139.5 
-177 -161.112 139.5 -181.5 -162 135.604 -183 -162 135.896 
-184.5 -162 136.096 -186 -161.145 139.5 -186 -162 136.773 
-187.5 -162 138.469 -187.5 -161.726 139.5 -187.935 -162 139.5 
-174 -163.5 135.715 -175.489 -163.5 139.5 -175.5 -163.481 139.5 
-189 -163.5 137.25 -189 -162.781 139.5 -189.75 -163.5 139.5 
-174 -165 136.77 -175.014 -165 139.5 -190.5 -165 138.086 
-190.5 -164.367 139.5 -191.258 -165 139.5 -174 -166.5 137.339 
-174.594 -166.5 139.5 -190.5 -166.5 137.031 -192 -165.612 139.5 
-192 -166.5 137.912 -193.5 -166.5 138.862 -193.5 -166.222 139.5 
-193.872 -166.5 139.5 -174 -168 139.004 -174.107 -168 139.5 
-190.5 -168 136.974 -192 -168 137.25 -193.5 -168 137.443 
-195 -167.499 139.5 -195 -168 138.568 -195.501 -168 139.5 
-174 -168.175 139.5 -173.25 -169.5 139.5 -190.5 -169.5 136.974 
-192 -169.5 137.25 -193.5 -169.5 137.25 -195 -169.5 137.443 
-196.5 -168.999 139.5 -196.5 -169.5 138.568 -197.001 -169.5 139.5 
-172.607 -171 139.5 -190.5 -171 136.974 -192 -171 137.25 
-193.5 -171 137.25 -195 -171 137.25 -196.5 -171 137.443 
-198 -170.628 139.5 -198 -171 138.862 -198.29 -171 139.5 
-172.5 -171.155 139.5 -171.53 -172.5 139.5 -190.5 -172.5 137.046 
-192 -172.5 137.25 -193.5 -172.5 137.25 -195 -172.5 137.443 
-196.5 -172.5 137.912 -198 -172.5 139.039 -198.264 -172.5 139.5 
-171 -174 137.748 -171 -173.299 139.5 -170.47 -174 139.5 
-189 -174 135.604 -190.5 -174 137.19 -192 -174 137.25 
-193.5 -174 137.25 -195 -174 137.912 -196.201 -174 139.5 
-196.5 -173.701 139.5 -198 -172.799 139.5 -171 -175.5 136.92 
-169.862 -175.5 139.5 -189 -175.5 135.896 -190.5 -175.5 137.443 
-192 -175.5 137.689 -193.5 -175.5 137.443 -195 -175.5 138.151 
-195.75 -175.5 139.5 -169.5 -177 138.736 -169.5 -176.25 139.5 
-169.05 -177 139.5 -171 -177 136.539 -189 -177 135.174 
-190.5 -177 137.72 -192 -177 138.911 -193.5 -177 137.912 
-195 -177 137.912 -196.05 -177 139.5 -169.5 -178.5 138.151 
-168.75 -178.5 139.5 -171 -178.5 136.349 -190.5 -178.5 137.25 
-192 -178.5 139.228 -193.5 -178.5 138.736 -195 -178.5 138.407 
-196.226 -178.5 139.5 -169.5 -180 138.736 -169.05 -180 139.5 
-171 -180 136.78 -190.5 -180 136.539 -192 -180 138.456 
-192.88 -180 139.5 -193.5 -179.25 139.5 -195 -179.158 139.5 
-169.5 -180.75 139.5 -169.925 -181.5 139.5 -171 -181.5 137.72 
-172.5 -181.5 136.044 -190.5 -181.5 136.349 -192 -181.5 138.151 
-192.714 -181.5 139.5 -171 -183 138.736 -170.55 -183 139.5 
-172.5 -183 137.25 -174 -183 136.044 -190.5 -183 136.588 
-192 -183 138.248 -192.554 -183 139.5 -171 -183.62 139.5 
-171.75 -184.5 139.5 -172.5 -184.5 138.456 -174 -184.5 137.25 
-175.5 -184.5 136.588 -177 -184.5 135.764 -187.5 -184.5 135.764 
-189 -184.5 136.588 -190.5 -184.5 137.315 -191.986 -184.5 139.5 
-192 -184.474 139.5 -172.5 -185.38 139.5 -172.95 -186 139.5 
-174 -186 137.912 -175.5 -186 137.25 -177 -186 137.057 
-178.5 -186 136.588 -180 -186 135.764 -186 -186 136.373 
-187.5 -186 138.111 -189 -186 138.604 -190.25 -186 139.5 
-190.5 -185.904 139.5 -174 -187.5 138.151 -173.25 -187.5 139.5 
-175.5 -187.5 137.25 -177 -187.5 137.25 -178.5 -187.5 137.443 
-180 -187.5 137.804 -181.5 -187.5 137.794 -183 -187.5 137.64 
-184.5 -187.5 138.179 -185.369 -187.5 139.5 -186 -187.193 139.5 
-187.5 -186.49 139.5 -189 -186.299 139.5 -174 -189 138.736 
-173.55 -189 139.5 -175.5 -189 137.443 -177 -189 137.443 
-178.5 -189 138.568 -179.065 -189 139.5 -180 -188.302 139.5 
-181.5 -187.981 139.5 -183 -187.95 139.5 -184.5 -187.828 139.5 
-174 -189.62 139.5 -174.88 -190.5 139.5 -175.5 -190.5 138.736 
-177 -190.5 138.736 -177.528 -190.5 139.5 -178.5 -189.6 139.5 
-175.5 -190.95 139.5 -177 -190.95 139.5 -178.5 -159.737 144 
-177.272 -160.5 144 -180 -159.4 144 -181.5 -159.604 144 
-183 -159.75 144 -184.5 -159.814 144 -186 -160.5 142.603 
-186 -160.245 144 -186.425 -160.5 144 -177 -160.772 144 
-176.237 -162 144 -187.5 -161.093 144 -189 -162 142.884 
-189 -161.787 144 -189.29 -162 144 -175.5 -163.5 139.674 
-175.696 -163.5 144 -190.5 -163.5 141.98 -190.5 -162.97 144 
-191.213 -163.5 144 -175.5 -164.145 144 -175.245 -165 144 
-192 -165 140.957 -192 -164.064 144 -193.5 -165 143.368 
-193.5 -164.834 144 -193.721 -165 144 -174.799 -166.5 144 
-195 -166.5 142.071 -195 -165.97 144 -195.643 -166.5 144 
-174 -168 143.674 -174 -167.987 144 -173.987 -168 144 
-196.5 -168 141.842 -196.5 -167.281 144 -197.25 -168 144 
-172.5 -169.5 142.86 -172.5 -169.156 144 -172.156 -169.5 144 
-198 -169.5 141.842 -198 -168.75 144 -198.75 -169.5 144 
-172.5 -171 139.943 -171.329 -171 144 -199.5 -171 142.41 
-199.5 -170.327 144 -200.116 -171 144 -171 -172.5 141.429 
-171 -171.435 144 -169.935 -172.5 144 -199.5 -172.5 141.486 
-200.741 -172.5 144 -168 -174 143.236 -168 -173.62 144 
-167.426 -174 144 -169.5 -174 141.75 -169.5 -172.88 144 
-196.5 -174 139.961 -198 -174 141.088 -199.5 -174 142.22 
-200.375 -174 144 -166.5 -175.5 143.236 -166.5 -174.926 144 
-166.138 -175.5 144 -168 -175.5 141.75 -169.5 -175.5 140.264 
-196.5 -175.5 140.849 -198 -175.5 141.943 -199.5 -175.5 143.236 
-199.863 -175.5 144 -166.5 -177 142.651 -165.853 -177 144 
-168 -177 141.088 -196.5 -177 140.264 -198 -177 142.22 
-199.019 -177 144 -199.5 -176.184 144 -166.5 -178.5 142.651 
-165.818 -178.5 144 -168 -178.5 140.849 -196.5 -178.5 139.772 
-198 -178.5 142.217 -198.72 -178.5 144 -166.5 -180 142.651 
-165.853 -180 144 -168 -180 141.088 -193.5 -180 140.264 
-195 -180 140.849 -196.5 -180 141.28 -198 -180 143.178 
-198.329 -180 144 -166.5 -181.5 143.236 -166.138 -181.5 144 
-168 -181.5 141.75 -169.5 -181.5 140.264 -193.5 -181.5 141.039 
-195 -181.5 142.412 -196.5 -181.5 143.362 -196.872 -181.5 144 
-198 -180.435 144 -166.5 -182.25 144 -166.95 -183 144 
-168 -183 142.412 -169.5 -183 141.088 -193.5 -183 142.065 
-194.535 -183 144 -195 -182.55 144 -196.5 -181.823 144 
-168 -184.5 142.651 -167.25 -184.5 144 -169.5 -184.5 141.557 
-171 -184.5 140.544 -192 -184.5 139.546 -192.97 -184.5 144 
-193.5 -183.87 144 -168 -186 142.651 -167.25 -186 144 
-169.5 -186 141.75 -171 -186 141.557 -172.5 -186 140.264 
-190.5 -186 139.968 -191.147 -186 144 -192 -185.307 144 
-168 -187.5 142.651 -167.25 -187.5 144 -169.5 -187.5 141.75 
-171 -187.5 141.75 -172.5 -187.5 140.849 -185.575 -187.5 144 
-186 -187.245 144 -187.5 -186.814 144 -189 -186.75 144 
-190.5 -186.45 144 -168 -189 142.651 -167.25 -189 144 
-169.5 -189 141.75 -171 -189 141.75 -172.5 -189 141.088 
-180 -189 141.456 -181.396 -189 144 -181.5 -188.942 144 
-183 -188.569 144 -184.5 -188.112 144 -168 -190.5 142.651 
-167.25 -190.5 144 -169.5 -190.5 141.75 -171 -190.5 141.75 
-172.5 -190.5 141.557 -174 -190.5 140.544 -178.5 -190.5 140.971 
-180 -190.5 143.553 -180.391 -190.5 144 -168 -192 142.651 
-167.25 -192 144 -169.5 -192 141.75 -171 -192 141.75 
-172.5 -192 141.75 -174 -192 141.557 -175.5 -192 141.088 
-177 -192 141.088 -178.5 -192 141.75 -180 -192 142.412 
-181.5 -191.158 144 -181.5 -192 142.651 -182.844 -192 144 
-168 -193.5 143.236 -167.55 -193.5 144 -169.5 -193.5 141.943 
-171 -193.5 141.75 -172.5 -193.5 141.75 -174 -193.5 141.75 
-175.5 -193.5 141.75 -177 -193.5 141.75 -178.5 -193.5 141.75 
-180 -193.5 141.75 -181.5 -193.5 141.75 -183 -192.25 144 
-183 -193.5 143.104 -183.299 -193.5 144 -168 -194.12 144 
-168.75 -195 144 -169.5 -195 142.956 -171 -195 141.943 
-172.5 -195 141.75 -174 -195 141.75 -175.5 -195 141.75 
-177 -195 141.75 -178.5 -195 141.75 -180 -195 141.75 
-181.5 -195 141.75 -183 -195 143.104 -183.299 -195 144 
-169.5 -195.88 144 -169.95 -196.5 144 -171 -196.5 142.412 
-172.5 -196.5 141.75 -174 -196.5 141.75 -175.5 -196.5 141.75 
-177 -196.5 141.75 -178.5 -196.5 141.75 -180 -196.5 141.75 
-181.5 -196.5 141.943 -183 -196.5 143.826 -183.058 -196.5 144 
-171 -198 142.651 -170.25 -198 144 -172.5 -198 141.75 
-174 -198 141.75 -175.5 -198 141.75 -177 -198 141.75 
-178.5 -198 141.75 -180 -198 141.75 -181.5 -198 142.412 
-182.346 -198 144 -183 -196.648 144 -171 -199.5 142.412 
-169.95 -199.5 144 -172.5 -199.5 141.75 -174 -199.5 141.75 
-175.5 -199.5 141.75 -177 -199.5 141.75 -178.5 -199.5 141.75 
-180 -199.5 141.943 -181.5 -199.5 143.362 -181.778 -199.5 144 
-169.5 -201 143.93 -169.5 -200.883 144 -169.455 -201 144 
-171 -201 142.149 -172.5 -201 141.75 -174 -201 141.75 
-175.5 -201 141.75 -177 -201 141.943 -178.5 -201 142.412 
-180 -201 143.236 -180.495 -201 144 -181.5 -199.927 144 
-169.5 -201.117 144 -169.95 -202.5 144 -171 -202.5 142.412 
-172.5 -202.5 141.75 -174 -202.5 141.75 -175.5 -202.5 141.943 
-177 -202.5 142.956 -177.815 -202.5 144 -178.5 -201.993 144 
-180 -201.38 144 -171 -204 142.651 -170.25 -204 144 
-172.5 -204 141.75 -174 -204 141.943 -175.5 -204 143.068 
-176.065 -204 144 -177 -203.117 144 -171 -205.5 142.651 
-170.25 -205.5 144 -172.5 -205.5 141.75 -174 -205.5 142.499 
-174.77 -205.5 144 -175.5 -204.565 144 -171 -207 143.539 
-170.701 -207 144 -172.5 -207 142.651 -173.977 -207 144 
-174 -206.979 144 -171 -207.299 144 -172.5 -207.714 144 
-178.5 -160.38 148.5 -178.319 -160.5 148.5 -180 -160.048 148.5 
-181.5 -160.096 148.5 -183 -160.083 148.5 -184.5 -160.05 148.5 
-186 -160.393 148.5 -186.175 -160.5 148.5 -177 -161.745 148.5 
-176.828 -162 148.5 -187.5 -161.25 148.5 -189 -161.846 148.5 
-189.264 -162 148.5 -176.36 -163.5 148.5 -190.5 -162.662 148.5 
-192 -163.5 148.321 -192 -163.477 148.5 -192.035 -163.5 148.5 
-175.5 -165 145.723 -175.968 -165 148.5 -193.5 -164.406 148.5 
-194.288 -165 148.5 -175.5 -165.701 148.5 -174.924 -166.5 148.5 
-195 -165.513 148.5 -196.5 -166.5 147.384 -196.5 -166.287 148.5 
-196.778 -166.5 148.5 -174 -167.307 148.5 -172.832 -168 148.5 
-198 -168 146.763 -198 -167.572 148.5 -198.428 -168 148.5 
-172.5 -168.241 148.5 -171.111 -169.5 148.5 -199.5 -169.5 146.763 
-199.5 -169.072 148.5 -199.928 -169.5 148.5 -169.5 -171 147.785 
-169.5 -170.747 148.5 -169.1 -171 148.5 -171 -171 145.013 
-171 -169.62 148.5 -201 -171 147.446 -201 -170.722 148.5 
-201.213 -171 148.5 -166.5 -172.5 148.343 -166.5 -172.45 148.5 
-166.438 -172.5 148.5 -168 -172.5 146.326 -168 -171.67 148.5 
-169.5 -172.5 144.822 -201 -172.5 144.911 -201.617 -172.5 148.5 
-165 -174 148.343 -165 -173.938 148.5 -164.95 -174 148.5 
-166.5 -174 145.272 -201 -174 145.961 -201.529 -174 148.5 
-165 -175.5 146.58 -164.36 -175.5 148.5 -201 -175.5 146.905 
-201.417 -175.5 148.5 -165 -177 146.007 -164.009 -177 148.5 
-199.5 -177 144.947 -201 -177 148.14 -201.11 -177 148.5 
-165 -178.5 145.744 -163.543 -178.5 148.5 -199.5 -178.5 146.007 
-200.453 -178.5 148.5 -201 -177.266 148.5 -165 -180 146.007 
-163.863 -180 148.5 -199.5 -180 147.217 -199.928 -180 148.5 
-165 -181.5 146.493 -164.147 -181.5 148.5 -198 -181.5 146.25 
-198.857 -181.5 148.5 -199.5 -180.653 148.5 -165 -183 146.961 
-164.214 -183 148.5 -166.5 -183 144.764 -195 -183 144.764 
-196.5 -183 146.25 -197.62 -183 148.5 -198 -182.565 148.5 
-165 -184.5 146.912 -163.95 -184.5 148.5 -166.5 -184.5 145.349 
-193.5 -184.5 145.931 -195 -184.5 147.287 -196.5 -184.5 148.332 
-196.583 -184.5 148.5 -163.5 -186 147.736 -163.5 -185.25 148.5 
-163.12 -186 148.5 -165 -186 146.443 -166.5 -186 145.349 
-191.25 -186 148.5 -192 -185.487 148.5 -193.5 -185 148.5 
-195 -184.904 148.5 -196.5 -184.571 148.5 -163.5 -187.5 147.151 
-162.786 -187.5 148.5 -165 -187.5 146.25 -166.5 -187.5 145.349 
-185.845 -187.5 148.5 -186 -187.393 148.5 -187.5 -187.05 148.5 
-189 -186.971 148.5 -190.5 -186.513 148.5 -163.5 -189 147.151 
-162.75 -189 148.5 -165 -189 146.25 -166.5 -189 145.349 
-181.5 -189 144.174 -183 -189 145.595 -184.138 -189 148.5 
-184.5 -188.656 148.5 -163.5 -190.5 147.151 -162.75 -190.5 148.5 
-165 -190.5 146.25 -166.5 -190.5 145.349 -181.5 -190.5 145.093 
-183 -190.5 146.58 -183.663 -190.5 148.5 -163.5 -192 146.912 
-162.45 -192 148.5 -165 -192 146.25 -166.5 -192 145.349 
-183 -192 144.288 -183.729 -192 148.5 -162 -193.5 147.736 
-162 -192.75 148.5 -161.55 -193.5 148.5 -163.5 -193.5 146.443 
-165 -193.5 146.25 -166.5 -193.5 145.588 -183.75 -193.5 148.5 
-162 -195 147.151 -161.25 -195 148.5 -163.5 -195 146.25 
-165 -195 146.25 -166.5 -195 146.057 -168 -195 145.044 
-183.686 -195 148.5 -162 -196.5 147.151 -161.25 -196.5 148.5 
-163.5 -196.5 146.25 -165 -196.5 146.25 -166.5 -196.5 146.25 
-168 -196.5 146.057 -169.5 -196.5 144.764 -183.45 -196.5 148.5 
-162 -198 147.736 -161.55 -198 148.5 -163.5 -198 146.443 
-165 -198 146.25 -166.5 -198 146.25 -168 -198 146.25 
-169.5 -198 145.349 -183 -198 147.404 -183.154 -198 148.5 
-162 -198.62 148.5 -162.75 -199.5 148.5 -163.5 -199.5 147.456 
-165 -199.5 146.443 -166.5 -199.5 146.25 -168 -199.5 146.057 
-169.5 -199.5 144.764 -182.678 -199.5 148.5 -183 -198.507 148.5 
-163.5 -200.38 148.5 -163.95 -201 148.5 -165 -201 146.912 
-166.5 -201 146.25 -168 -201 145.811 -181.5 -201 146.805 
-181.854 -201 148.5 -165 -202.5 147.151 -164.25 -202.5 148.5 
-166.5 -202.5 146.25 -168 -202.5 146.057 -169.5 -202.5 144.764 
-178.5 -202.5 144.98 -180 -202.5 146.839 -180.699 -202.5 148.5 
-181.5 -201.575 148.5 -165 -204 147.151 -164.25 -204 148.5 
-166.5 -204 146.25 -168 -204 146.25 -169.5 -204 145.349 
-177 -204 145.693 -178.5 -204 147.983 -178.734 -204 148.5 
-180 -203.032 148.5 -165 -205.5 146.912 -163.95 -205.5 148.5 
-166.5 -205.5 146.25 -168 -205.5 146.25 -169.5 -205.5 145.349 
-175.5 -205.5 145.956 -176.588 -205.5 148.5 -177 -205.156 148.5 
-178.5 -204.211 148.5 -163.5 -207 147.456 -163.5 -206.12 148.5 
-162.798 -207 148.5 -165 -207 146.443 -166.5 -207 146.25 
-168 -207 146.25 -169.5 -207 145.588 -174 -207 144.032 
-175.321 -207 148.5 -175.5 -206.73 148.5 -162 -208.5 148.43 
-162 -208.425 148.5 -161.963 -208.5 148.5 -163.5 -208.5 146.649 
-165 -208.5 146.25 -166.5 -208.5 146.25 -168 -208.5 146.25 
-169.5 -208.5 146.057 -171 -208.5 145.588 -172.5 -208.5 145.589 
-174 -208.5 147.513 -174.344 -208.5 148.5 -162 -208.584 148.5 
-162.88 -210 148.5 -163.5 -210 147.736 -165 -210 147.151 
-166.5 -210 147.151 -168 -210 147.151 -169.5 -210 147.248 
-171 -210 147.484 -172.282 -210 148.5 -172.5 -209.918 148.5 
-174 -208.829 148.5 -163.5 -210.45 148.5 -165 -210.75 148.5 
-166.5 -210.714 148.5 -168 -210.647 148.5 -169.5 -210.532 148.5 
-171 -210.365 148.5 -178.5 -160.5 148.831 -180 -160.5 149.648 
-181.5 -160.5 149.713 -183 -160.5 150.095 -184.5 -160.5 150.36 
-186 -160.5 148.943 -177 -162 149.017 -178.5 -162 151.22 
-180 -162 151.651 -181.5 -162 152.362 -182.001 -162 153 
-183 -161.491 153 -184.5 -161.277 153 -186 -161.671 153 
-187.5 -162 151.409 -186.574 -162 153 -189 -162 149.203 
-177 -163.5 150.42 -178.204 -163.5 153 -178.5 -163.149 153 
-180 -162.647 153 -181.5 -162.278 153 -187.5 -162.509 153 
-189 -162.831 153 -190.5 -163.184 153 -192 -163.5 148.724 
-191.138 -163.5 153 -177 -165 151.597 -177.53 -165 153 
-192 -163.91 153 -193.5 -164.684 153 -193.981 -165 153 
-175.5 -166.5 150.638 -176.383 -166.5 153 -177 -165.798 153 
-195 -165.593 153 -196.5 -166.287 153 -196.778 -166.5 153 
-174 -167.88 153 -173.808 -168 153 -175.5 -167.198 153 
-198 -167.572 153 -198.428 -168 153 -172.5 -169.342 153 
-172.331 -169.5 153 -199.5 -169.072 153 -199.928 -169.5 153 
-169.5 -170.741 153 -168.775 -171 153 -171 -170.499 153 
-201 -170.852 153 -201.107 -171 153 -166.5 -171.993 153 
-165.88 -172.5 153 -168 -171.295 153 -201.529 -172.5 153 
-165 -173.277 153 -164.331 -174 153 -201.686 -174 153 
-163.5 -175.5 152.111 -163.5 -175.204 153 -163.287 -175.5 153 
-201.75 -175.5 153 -163.5 -177 149.957 -162.564 -177 153 
-201.686 -177 153 -162 -178.5 152.396 -162 -178.151 153 
-161.832 -178.5 153 -163.5 -178.5 148.595 -201 -178.5 150.461 
-201.529 -178.5 153 -162 -180 151.904 -161.661 -180 153 
-163.5 -180 149.264 -201 -180 152.557 -201.107 -180 153 
-162 -181.5 151.984 -161.635 -181.5 153 -163.5 -181.5 149.849 
-199.5 -181.5 150.301 -200.225 -181.5 153 -201 -180.175 153 
-162 -183 151.748 -161.468 -183 153 -163.5 -183 149.849 
-198 -183 149.352 -199.489 -183 153 -199.5 -182.984 153 
-162 -184.5 151.461 -161.318 -184.5 153 -163.5 -184.5 149.264 
-198 -184.5 152.129 -198.266 -184.5 153 -162 -186 150.75 
-160.932 -186 153 -190.988 -186 153 -192 -185.225 153 
-193.5 -184.839 153 -195 -185.084 153 -196.5 -185.431 153 
-198 -184.753 153 -160.5 -187.5 152.236 -160.5 -186.816 153 
-160.12 -187.5 153 -162 -187.5 150.039 -186 -187.5 148.943 
-187.5 -187.5 150.44 -189 -187.5 152.104 -189.211 -187.5 153 
-190.5 -186.428 153 -160.5 -189 151.651 -159.786 -189 153 
-162 -189 149.849 -184.5 -189 149.487 -185.789 -189 153 
-186 -188.789 153 -187.5 -188.193 153 -189 -187.666 153 
-160.5 -190.5 151.412 -159.45 -190.5 153 -162 -190.5 149.849 
-184.5 -190.5 151.409 -184.986 -190.5 153 -159 -192 152.236 
-159 -191.25 153 -158.575 -192 153 -160.5 -192 150.75 
-162 -192 149.264 -184.287 -192 153 -184.5 -191.499 153 
-159 -193.5 151.651 -158.25 -193.5 153 -160.5 -193.5 150.088 
-183.971 -193.5 153 -159 -195 151.651 -158.25 -195 153 
-160.5 -195 149.849 -183.668 -195 153 -159 -196.5 151.651 
-158.25 -196.5 153 -160.5 -196.5 149.849 -183.091 -196.5 153 
-159 -198 151.651 -158.25 -198 153 -160.5 -198 150.088 
-183 -198 149.758 -182.636 -198 153 -183 -196.774 153 
-159 -199.5 151.651 -158.25 -199.5 153 -160.5 -199.5 150.557 
-162 -199.5 149.544 -182.325 -199.5 153 -159 -201 151.651 
-158.25 -201 153 -160.5 -201 150.75 -162 -201 150.557 
-163.5 -201 149.264 -181.649 -201 153 -159 -202.5 152.236 
-158.55 -202.5 153 -160.5 -202.5 150.943 -162 -202.5 150.75 
-163.5 -202.5 149.849 -180.831 -202.5 153 -181.5 -201.259 153 
-159 -203.12 153 -159.75 -204 153 -160.5 -204 151.956 
-162 -204 150.943 -163.5 -204 149.849 -179.716 -204 153 
-180 -203.637 153 -160.5 -205.416 153 -160.542 -205.5 153 
-162 -205.5 150.996 -163.5 -205.5 149.264 -177 -205.5 149.352 
-178.5 -205.5 152.368 -178.672 -205.5 153 -160.5 -207 152.053 
-160.5 -205.599 153 -159.993 -207 153 -162 -207 149.73 
-175.5 -207 149.038 -177 -207 152.462 -177.201 -207 153 
-178.5 -205.701 153 -160.5 -208.5 150.975 -159.4 -208.5 153 
-175.5 -208.5 152.534 -175.641 -208.5 153 -177 -207.201 153 
-159 -210 152.236 -159 -209.25 153 -158.62 -210 153 
-160.5 -210 150.75 -162 -210 149.544 -172.5 -210 148.968 
-173.214 -210 153 -174 -209.47 153 -175.5 -208.61 153 
-159 -211.5 152.539 -158.736 -211.5 153 -160.5 -211.5 151.412 
-162 -211.5 150.75 -163.5 -211.5 150.088 -165 -211.5 149.849 
-166.5 -211.5 150.039 -168 -211.5 150.578 -169.5 -211.5 152.111 
-169.873 -211.5 153 -171 -210.971 153 -172.5 -210.45 153 
-159 -211.734 153 -160.5 -212.346 153 -161.852 -213 153 
-162 -213 152.826 -163.5 -213 152.104 -165 -213 152.104 
-166.5 -213 152.826 -166.622 -213 153 -168 -212.355 153 
-169.5 -211.713 153 -162 -213.058 153 -163.5 -213.299 153 
-165 -213.299 153 -166.5 -213.058 153 -183 -162 154.403 
-184.5 -162 155.007 -186 -162 153.822 -178.5 -163.5 153.639 
-180 -163.5 155.007 -181.5 -163.5 156.097 -182.499 -163.5 157.5 
-183 -163.222 157.5 -184.5 -163.137 157.5 -186 -163.5 156.553 
-185.184 -163.5 157.5 -187.5 -163.5 155.493 -189 -163.5 155.168 
-190.5 -163.5 154.239 -178.5 -165 155.25 -179.753 -165 157.5 
-180 -164.766 157.5 -181.5 -164.112 157.5 -186 -164.007 157.5 
-187.5 -164.353 157.5 -189 -164.38 157.5 -190.5 -164.468 157.5 
-192 -164.88 157.5 -193.5 -165 154.571 -192.223 -165 157.5 
-177 -166.5 154.12 -178.5 -166.5 156.553 -178.981 -166.5 157.5 
-193.5 -165.731 157.5 -195 -166.38 157.5 -196.5 -166.5 154.054 
-195.192 -166.5 157.5 -174 -168 153.331 -175.5 -168 154.696 
-177 -168 156.38 -177.617 -168 157.5 -178.5 -167.055 157.5 
-196.5 -167.384 157.5 -198 -168 154.737 -197.173 -168 157.5 
-172.5 -169.5 153.258 -174 -169.5 155.104 -175.5 -169.5 156.84 
-175.851 -169.5 157.5 -177 -168.524 157.5 -198 -168.75 157.5 
-199.5 -169.5 154.737 -198.75 -169.5 157.5 -169.5 -171 153.743 
-171 -171 153.932 -172.5 -171 154.157 -174 -171 156.708 
-174.278 -171 157.5 -175.5 -169.778 157.5 -199.5 -170.421 157.5 
-201 -171 153.443 -199.928 -171 157.5 -166.5 -172.5 156.012 
-168 -172.5 156.439 -169.5 -172.5 156.109 -171 -172.5 156.056 
-172.5 -172.5 157.099 -172.648 -172.5 157.5 -174 -171.278 157.5 
-201 -172.5 155.539 -200.453 -172.5 157.5 -165 -173.859 157.5 
-164.859 -174 157.5 -166.5 -172.896 157.5 -168 -173.007 157.5 
-169.5 -173.25 157.5 -171 -173.147 157.5 -172.5 -172.62 157.5 
-201 -173.852 157.5 -201.058 -174 157.5 -163.5 -175.425 157.5 
-163.432 -175.5 157.5 -201.339 -175.5 157.5 -162.338 -177 157.5 
-201.417 -177 157.5 -162 -177.532 157.5 -161.583 -178.5 157.5 
-201.45 -178.5 157.5 -161.314 -180 157.5 -201.107 -180 157.5 
-161.029 -181.5 157.5 -200.25 -181.5 157.5 -201 -180.175 157.5 
-160.5 -183 156.797 -160.5 -182.701 157.5 -160.346 -183 157.5 
-193.5 -183 156.862 -193.128 -183 157.5 -193.5 -182.677 157.5 
-194.946 -183 157.5 -199.5 -183 153.326 -199.607 -183 157.5 
-160.5 -184.5 155.25 -159.831 -184.5 157.5 -192 -184.5 155.699 
-191.357 -184.5 157.5 -192 -183.857 157.5 -193.5 -184.5 154.096 
-195 -183.016 157.5 -195 -184.5 154.969 -196.16 -184.5 157.5 
-198.211 -184.5 157.5 -199.5 -183.148 157.5 -159 -186 157.343 
-159 -185.927 157.5 -158.95 -186 157.5 -160.5 -186 153.98 
-190.5 -186 155.25 -190.127 -186 157.5 -190.5 -185.45 157.5 
-196.5 -184.753 157.5 -198 -184.666 157.5 -159 -187.5 155.326 
-158.137 -187.5 157.5 -189.274 -187.5 157.5 -157.5 -189 156.862 
-157.5 -188.573 157.5 -157.21 -189 157.5 -159 -189 154.539 
-186 -189 153.498 -187.5 -189 156.037 -187.945 -189 157.5 
-189 -187.844 157.5 -157.5 -190.5 155.72 -156.481 -190.5 157.5 
-159 -190.5 153.764 -186 -190.5 155.91 -186.616 -190.5 157.5 
-187.5 -189.524 157.5 -156 -192 156.456 -156 -191.185 157.5 
-155.383 -192 157.5 -157.5 -192 154.78 -184.5 -192 153.833 
-185.572 -192 157.5 -186 -191.347 157.5 -154.5 -193.5 156.862 
-154.5 -193.073 157.5 -154.222 -193.5 157.5 -156 -193.5 155.443 
-157.5 -193.5 154.349 -184.5 -193.5 155.663 -184.968 -193.5 157.5 
-154.5 -195 156.736 -154.137 -195 157.5 -156 -195 155.443 
-157.5 -195 154.349 -184.226 -195 157.5 -184.5 -194.426 157.5 
-154.5 -195.75 157.5 -154.95 -196.5 157.5 -156 -196.5 155.912 
-157.5 -196.5 154.349 -183.564 -196.5 157.5 -156 -198 155.912 
-154.95 -198 157.5 -157.5 -198 154.349 -182.787 -198 157.5 
-183 -197.573 157.5 -154.5 -199.5 156.736 -154.5 -198.75 157.5 
-154.137 -199.5 157.5 -156 -199.5 155.443 -157.5 -199.5 154.349 
-182.407 -199.5 157.5 -154.5 -201 156.151 -153.853 -201 157.5 
-156 -201 155.25 -157.5 -201 154.349 -181.816 -201 157.5 
-154.5 -202.5 155.912 -153.507 -202.5 157.5 -156 -202.5 155.25 
-157.5 -202.5 154.588 -180.907 -202.5 157.5 -181.5 -201.481 157.5 
-153 -204 156.736 -153 -203.316 157.5 -152.62 -204 157.5 
-154.5 -204 155.443 -156 -204 155.25 -157.5 -204 155.057 
-159 -204 154.044 -180 -204 155.25 -180.255 -204 157.5 
-153 -205.5 156.736 -152.575 -205.5 157.5 -154.5 -205.5 155.443 
-156 -205.5 155.25 -157.5 -205.5 155.25 -159 -205.5 154.851 
-160.5 -205.5 153.07 -179.169 -205.5 157.5 -180 -204.363 157.5 
-153 -206.12 157.5 -153.88 -207 157.5 -154.5 -207 156.736 
-156 -207 155.912 -157.5 -207 155.443 -159 -207 154.588 
-177.75 -207 157.5 -178.5 -206.223 157.5 -154.5 -207.45 157.5 
-156 -208.201 157.5 -156.28 -208.5 157.5 -157.5 -208.5 155.72 
-159 -208.5 153.764 -176.155 -208.5 157.5 -177 -207.75 157.5 
-157.5 -210 155.25 -156.38 -210 157.5 -173.55 -210 157.5 
-174 -209.745 157.5 -175.5 -209.013 157.5 -157.5 -211.5 154.986 
-156.045 -211.5 157.5 -170.324 -211.5 157.5 -171 -211.05 157.5 
-172.5 -210.529 157.5 -157.5 -213 156.553 -156.945 -213 157.5 
-159 -213 155.493 -160.5 -213 154.642 -168 -213 157.335 
-168.035 -213 157.5 -169.5 -212.094 157.5 -157.5 -213.413 157.5 
-159 -213.723 157.5 -160.5 -213.831 157.5 -162 -213.987 157.5 
-163.5 -213.971 157.5 -165 -213.814 157.5 -166.5 -213.617 157.5 
-168 -213.023 157.5 -183 -163.5 158.138 -184.5 -163.5 158.264 
-180 -165 157.961 -181.5 -165 159.088 -183 -165 159.557 
-184.5 -165 159.557 -186 -165 159.088 -187.5 -165 158.849 
-189 -165 158.849 -190.5 -165 158.752 -192 -165 157.831 
-180 -166.5 159.28 -181.5 -166.5 160.189 -183 -166.5 159.943 
-184.5 -166.5 159.75 -186 -166.5 159.75 -187.5 -166.5 159.75 
-189 -166.5 159.943 -190.5 -166.5 160.412 -192 -166.5 160.22 
-193.5 -166.5 159.196 -195 -166.5 157.831 -178.5 -168 159.193 
-180 -168 161.053 -181.401 -168 162 -181.5 -167.955 162 
-183 -168 161.236 -181.617 -168 162 -184.5 -168 160.651 
-186 -168 160.651 -187.5 -168 160.651 -189 -168 161.236 
-189.75 -168 162 -190.5 -167.55 162 -192 -167.575 162 
-193.5 -168 161.236 -192.75 -168 162 -195 -168 160.461 
-196.5 -168 159.09 -177 -169.5 160.044 -178.073 -169.5 162 
-178.5 -169.21 162 -180 -168.507 162 -183 -168.425 162 
-184.5 -168.647 162 -186 -168.62 162 -187.5 -168.647 162 
-189 -168.425 162 -193.5 -168.45 162 -195 -168.786 162 
-196.5 -169.21 162 -198 -169.5 159.658 -196.872 -169.5 162 
-175.5 -171 161.962 -175.521 -171 162 -177 -170.23 162 
-198 -170.628 162 -199.5 -171 158.783 -198.278 -171 162 
-174 -172.359 162 -173.852 -172.5 162 -175.5 -171.015 162 
-199.5 -172.5 159.993 -198.647 -172.5 162 -165 -174 157.844 
-166.5 -174 159.275 -168 -174 159.088 -169.5 -174 158.849 
-171 -174 159.507 -172.335 -174 162 -172.5 -173.852 162 
-199.5 -174 160.461 -198.714 -174 162 -201 -174 157.674 
-163.5 -175.5 157.681 -165 -175.5 159.489 -166.5 -175.5 159.75 
-168 -175.5 159.75 -169.5 -175.5 159.75 -171 -175.5 160.412 
-172.05 -175.5 162 -199.5 -175.5 161.236 -199.05 -175.5 162 
-201 -175.5 158.596 -163.5 -177 160.032 -165 -177 160.412 
-166.5 -177 159.943 -168 -177 159.75 -169.5 -177 159.75 
-171 -177 160.149 -172.445 -177 162 -199.5 -176.25 162 
-201 -177 159.095 -199.863 -177 162 -162 -178.5 159.566 
-162.883 -178.5 162 -163.5 -177.961 162 -165 -177.993 162 
-166.5 -178.5 160.956 -165.685 -178.5 162 -168 -178.5 159.943 
-169.5 -178.5 159.75 -171 -178.5 160.412 -171.888 -178.5 162 
-201 -178.5 159.36 -200.12 -178.5 162 -162 -179.435 162 
-161.689 -180 162 -166.5 -179.25 162 -168 -180 161.236 
-167.38 -180 162 -169.5 -180 160.651 -171 -180 161.68 
-171.148 -180 162 -195 -180 161.539 -193.915 -180 162 
-195 -179.701 162 -195.299 -180 162 -201 -180 157.943 
-199.778 -180 162 -161.093 -181.5 162 -168 -180.425 162 
-169.5 -180.647 162 -171 -180.148 162 -193.5 -181.5 160.105 
-192.916 -181.5 162 -193.5 -180.141 162 -195 -181.5 159.993 
-195.892 -181.5 162 -199.5 -181.5 160.409 -198.888 -181.5 162 
-199.5 -180.501 162 -160.5 -182.72 162 -160.346 -183 162 
-192.034 -183 162 -195 -183 157.532 -196.5 -182.974 162 
-196.5 -183 161.968 -196.609 -183 162 -199.5 -183 157.943 
-198.148 -183 162 -159.669 -184.5 162 -190.873 -184.5 162 
-192 -183.045 162 -196.5 -184.5 158.298 -198 -183.148 162 
-198 -184.5 158.132 -159 -185.28 162 -158.36 -186 162 
-190.028 -186 162 -190.5 -185.096 162 -157.5 -187.5 160.009 
-157.5 -186.991 162 -157.032 -187.5 162 -189.295 -187.5 162 
-156 -189 160.969 -156 -188.671 162 -155.684 -189 162 
-188.609 -189 162 -189 -188.081 162 -154.5 -190.5 161.843 
-154.5 -190.438 162 -154.45 -190.5 162 -156 -190.5 158.48 
-187.5 -190.5 160.153 -188.03 -190.5 162 -154.5 -192 159.256 
-153.55 -192 162 -186 -192 158.783 -187.072 -192 162 
-187.5 -191.347 162 -153 -193.5 160.717 -153 -192.847 162 
-152.572 -193.5 162 -186 -193.5 160.717 -186.428 -193.5 162 
-153 -195 159.993 -152.277 -195 162 -184.5 -195 158.531 
-185.47 -195 162 -186 -194.153 162 -153 -196.5 160.461 
-152.345 -196.5 162 -154.5 -196.5 158.264 -184.5 -196.5 160.969 
-184.774 -196.5 162 -153 -198 160.461 -152.318 -198 162 
-154.5 -198 158.264 -183 -198 158.333 -184.032 -198 162 
-184.5 -197.074 162 -153 -199.5 159.993 -152.215 -199.5 162 
-183 -199.5 160.248 -183.468 -199.5 162 -153 -201 159.507 
-151.967 -201 162 -182.47 -201 162 -183 -200.201 162 
-151.5 -202.5 161.178 -151.5 -201.88 162 -151.171 -202.5 162 
-153 -202.5 158.447 -181.287 -202.5 162 -181.5 -202.21 162 
-151.5 -204 159.75 -150.53 -204 162 -180.481 -204 162 
-150 -205.5 161.362 -150 -204.999 162 -149.722 -205.5 162 
-151.5 -205.5 159.28 -179.009 -205.5 162 -180 -204.569 162 
-150 -207 160.651 -149.38 -207 162 -151.5 -207 159.557 
-153 -207 158.544 -177.428 -207 162 -178.5 -205.968 162 
-150 -208.5 161.68 -149.852 -208.5 162 -151.5 -208.5 160.412 
-153 -208.5 159.75 -154.5 -208.5 159.088 -156 -208.5 157.961 
-175.885 -208.5 162 -177 -207.428 162 -150 -208.675 162 
-151.5 -209.55 162 -152.12 -210 162 -153 -210 160.956 
-154.5 -210 159.75 -156 -210 158.264 -173.948 -210 162 
-174 -209.968 162 -175.5 -208.854 162 -153 -210.702 162 
-153.701 -211.5 162 -154.5 -211.5 160.529 -156 -211.5 157.595 
-170.597 -211.5 162 -171 -211.245 162 -172.5 -210.681 162 
-154.5 -212.472 162 -154.844 -213 162 -156 -213 159.193 
-168 -213 159.75 -167.955 -213 162 -168 -212.977 162 
-169.5 -212.162 162 -156 -214.5 161.849 -155.935 -214.5 162 
-157.5 -214.5 160.08 -159 -214.5 159.832 -160.5 -214.5 159.954 
-162 -214.5 159.857 -163.5 -214.5 161.104 -163.799 -214.5 162 
-165 -213.971 162 -166.5 -213.604 162 -156 -214.552 162 
-157.5 -215.14 162 -159 -215.169 162 -160.5 -215.013 162 
-162 -214.95 162 -163.5 -214.654 162 -181.5 -168 162.07 
-190.5 -168 162.764 -192 -168 162.764 -178.5 -169.5 162.638 
-180 -169.5 163.588 -181.5 -169.5 163.851 -183 -169.5 163.78 
-184.5 -169.5 164.007 -186 -169.5 164.25 -187.5 -169.5 164.007 
-189 -169.5 163.78 -190.5 -169.5 164.057 -192 -169.5 164.057 
-193.5 -169.5 163.588 -195 -169.5 163.349 -196.5 -169.5 162.638 
-177 -171 163.501 -178.5 -171 164.057 -180 -171 164.25 
-181.5 -171 164.443 -183 -171 165.456 -183.88 -171 166.5 
-184.5 -170.637 166.5 -186 -170.38 166.5 -187.5 -170.637 166.5 
-189 -171 165.736 -188.25 -171 166.5 -190.5 -171 165.151 
-192 -171 165.151 -193.5 -171 165.151 -195 -171 164.912 
-196.5 -171 164.25 -198 -171 162.638 -174 -172.5 162.344 
-175.5 -172.5 163.989 -177 -172.5 164.25 -178.5 -172.5 164.443 
-180 -172.5 164.912 -181.5 -172.5 165.736 -182.12 -172.5 166.5 
-183 -171.75 166.5 -189 -171.45 166.5 -190.5 -171.75 166.5 
-192 -171.75 166.5 -193.5 -171.75 166.5 -195 -172.201 166.5 
-196.5 -172.5 164.912 -195.299 -172.5 166.5 -198 -172.5 163.349 
-172.5 -174 162.331 -174 -174 163.989 -175.5 -174 164.25 
-177 -174 164.443 -178.5 -174 165.456 -179.315 -174 166.5 
-180 -173.493 166.5 -181.5 -172.88 166.5 -196.5 -174 164.912 
-195.45 -174 166.5 -198 -174 163.349 -172.5 -175.5 162.764 
-174 -175.5 164.057 -175.5 -175.5 164.443 -177 -175.5 165.568 
-177.565 -175.5 166.5 -178.5 -174.617 166.5 -195 -175.5 165.456 
-194.25 -175.5 166.5 -195 -174.62 166.5 -196.5 -175.5 164.443 
-198 -175.5 163.588 -172.5 -177 162.095 -174 -177 164.475 
-175.5 -177 165.862 -175.872 -177 166.5 -177 -176.001 166.5 
-193.5 -177 165.736 -193.05 -177 166.5 -193.5 -176.38 166.5 
-195 -177 164.443 -196.5 -177 164.25 -198 -177 164.057 
-199.5 -177 162.764 -163.5 -178.5 163.184 -165 -178.5 162.947 
-172.5 -178.5 163.403 -173.852 -178.5 166.5 -174 -178.314 166.5 
-175.5 -177.323 166.5 -193.5 -178.5 164.493 -192.608 -178.5 166.5 
-195 -178.5 163.588 -196.5 -178.5 164.057 -198 -178.5 164.25 
-199.5 -178.5 163.349 -162 -180 163.428 -163.5 -180 166.053 
-165 -180 164.72 -166.5 -180 163.044 -172.5 -180 165.097 
-173.112 -180 166.5 -193.5 -180 162.245 -192.379 -180 166.5 
-196.5 -180 163.588 -198 -180 164.057 -199.5 -180 162.638 
-162 -181.308 166.5 -161.88 -181.5 166.5 -163.5 -180.391 166.5 
-165 -181.5 165.151 -164.158 -181.5 166.5 -166.5 -181.5 164.057 
-168 -181.5 163.78 -169.5 -181.5 164.007 -171 -181.5 165.097 
-171.851 -181.5 166.5 -172.5 -180.851 166.5 -192.194 -181.5 166.5 
-196.5 -181.5 163.252 -198 -181.5 163.588 -160.5 -183 162.703 
-161.468 -183 166.5 -165 -183 165.736 -164.55 -183 166.5 
-166.5 -183 164.649 -168 -183 165.456 -168.88 -183 166.5 
-169.5 -182.638 166.5 -171 -182.084 166.5 -192 -183 162.928 
-191.839 -183 166.5 -192 -182.439 166.5 -198 -183 162.32 
-160.5 -184.5 165.261 -161.007 -184.5 166.5 -165 -183.62 166.5 
-166.5 -184.445 166.5 -168 -183.617 166.5 -191.204 -184.5 166.5 
-159 -186 166.442 -159.019 -186 166.5 -160.5 -185.007 166.5 
-190.5 -186 165.672 -190.623 -186 166.5 -157.5 -187.299 166.5 
-157.299 -187.5 166.5 -159 -186.012 166.5 -190.014 -187.5 166.5 
-190.5 -186.3 166.5 -156 -188.638 166.5 -155.587 -189 166.5 
-189 -189 164.697 -189.29 -189 166.5 -154.5 -189.86 166.5 
-153.86 -190.5 166.5 -188.678 -190.5 166.5 -189 -189.702 166.5 
-153 -192 164.398 -153 -191.491 166.5 -152.532 -192 166.5 
-187.5 -192 164.25 -187.895 -192 166.5 -151.5 -193.5 166.057 
-151.5 -193.352 166.5 -151.393 -193.5 166.5 -187.178 -193.5 166.5 
-187.5 -192.832 166.5 -151.5 -195 164.64 -151.05 -195 166.5 
-186 -195 165.532 -186.154 -195 166.5 -151.5 -196.5 164.535 
-150.987 -196.5 166.5 -185.332 -196.5 166.5 -186 -195.219 166.5 
-151.5 -198 164.078 -150.645 -198 166.5 -184.5 -198 164.056 
-184.95 -198 166.5 -151.5 -199.5 163.744 -150.248 -199.5 166.5 
-184.288 -199.5 166.5 -184.5 -199.091 166.5 -151.5 -201 163.184 
-150.223 -201 166.5 -183 -201 165.848 -183.099 -201 166.5 
-150 -202.5 165.667 -150 -201.694 166.5 -149.787 -202.5 166.5 
-181.5 -202.5 163.787 -181.854 -202.5 166.5 -183 -201.109 166.5 
-150 -204 163.591 -149.25 -204 166.5 -180.329 -204 166.5 
-181.5 -202.885 166.5 -148.5 -205.5 166.057 -148.5 -205.325 166.5 
-148.393 -205.5 166.5 -178.5 -205.5 164.777 -178.171 -205.5 166.5 
-178.5 -205.226 166.5 -180 -204.274 166.5 -148.5 -207 164.64 
-148.05 -207 166.5 -177 -207 164.25 -176.572 -207 166.5 
-177 -206.572 166.5 -148.5 -208.5 165.667 -148.287 -208.5 166.5 
-175.5 -208.5 164.087 -175.055 -208.5 166.5 -175.5 -208.072 166.5 
-148.5 -209.001 166.5 -150 -210 164.25 -149.03 -210 166.5 
-151.5 -210 162.764 -173.213 -210 166.5 -174 -209.436 166.5 
-150 -211.5 166.18 -149.852 -211.5 166.5 -151.5 -211.5 164.72 
-153 -211.5 163.23 -170.952 -211.5 166.5 -171 -211.468 166.5 
-172.5 -210.49 166.5 -150 -211.648 166.5 -151.5 -212.416 166.5 
-152.298 -213 166.5 -153 -213 165.38 -154.5 -213 162.822 
-168 -213 164.25 -168.039 -213 166.5 -169.5 -212.263 166.5 
-153 -213.524 166.5 -154.088 -214.5 166.5 -154.5 -214.5 165.513 
-164.25 -214.5 166.5 -165 -214.05 166.5 -166.5 -213.617 166.5 
-168 -213.023 166.5 -154.5 -214.784 166.5 -156 -215.576 166.5 
-157.5 -216 165.413 -156.926 -216 166.5 -159 -216 165.797 
-159.299 -216 166.5 -160.5 -215.471 166.5 -162 -215.25 166.5 
-163.5 -214.95 166.5 -157.5 -216.255 166.5 -159 -216.154 166.5 
-184.5 -171 167.264 -186 -171 167.849 -187.5 -171 167.264 
-183 -172.5 167.544 -184.5 -172.5 168.557 -186 -172.5 168.75 
-187.5 -172.5 168.557 -189 -172.5 168.088 -190.5 -172.5 167.849 
-192 -172.5 167.849 -193.5 -172.5 167.849 -195 -172.5 166.961 
-180 -174 167.447 -181.5 -174 168.75 -183 -174 169.461 
-184.5 -174 169.412 -186 -174 168.943 -187.5 -174 168.75 
-189 -174 168.75 -190.5 -174 168.75 -192 -174 168.75 
-193.5 -174 168.557 -195 -174 167.264 -178.5 -175.5 168.193 
-180 -175.5 170.053 -180.816 -175.5 171 -181.5 -175.12 171 
-183 -174.786 171 -184.5 -175.201 171 -186 -175.5 169.412 
-184.799 -175.5 171 -187.5 -175.5 168.75 -189 -175.5 168.75 
-190.5 -175.5 168.75 -192 -175.5 168.557 -193.5 -175.5 167.544 
-177 -177 168.75 -178.128 -177 171 -178.5 -176.71 171 
-180 -176.007 171 -186 -177 169.651 -185.25 -177 171 
-187.5 -177 168.75 -189 -177 168.75 -190.5 -177 168.75 
-192 -177 168.088 -174 -178.5 166.82 -175.5 -178.5 168.75 
-176.677 -178.5 171 -177 -178.128 171 -186 -178.5 170.539 
-185.701 -178.5 171 -187.5 -178.5 169.651 -189 -178.5 169.412 
-190.5 -178.5 168.943 -192 -178.5 167.752 -174 -180 168.088 
-175.5 -180 169.651 -176.214 -180 171 -186 -178.799 171 
-187.5 -179.25 171 -189 -179.701 171 -190.5 -180 169.412 
-189.299 -180 171 -192 -180 167.516 -162 -181.5 166.831 
-163.5 -181.5 167.593 -172.5 -181.5 167.432 -174 -181.5 168.75 
-175.5 -181.5 170.236 -175.88 -181.5 171 -190.5 -181.5 169.609 
-189.75 -181.5 171 -192 -181.5 167.104 -162 -183 167.752 
-163.5 -183 168.088 -169.5 -183 167.264 -171 -183 168.28 
-172.5 -183 169.22 -174 -183 170.236 -174.62 -183 171 
-175.5 -182.12 171 -190.5 -183 169.391 -189.75 -183 171 
-162 -184.5 168.088 -163.5 -184.5 168.557 -165 -184.5 167.544 
-166.5 -184.5 166.595 -168 -184.5 168.193 -169.5 -184.5 169.461 
-171 -184.5 170.236 -171.75 -184.5 171 -172.5 -184.075 171 
-174 -183.45 171 -190.5 -184.5 168.643 -189.714 -184.5 171 
-160.5 -186 168.196 -162 -186 169.22 -163.5 -186 169.651 
-165 -186 169.461 -166.5 -186 169.816 -167.456 -186 171 
-168 -185.71 171 -169.5 -185.286 171 -171 -184.95 171 
-190.5 -186 167.1 -189.647 -186 171 -157.5 -187.5 167.038 
-159 -187.5 169.165 -160.5 -187.5 170.236 -161.25 -187.5 171 
-162 -187.075 171 -163.5 -186.75 171 -165 -186.75 171 
-166.5 -186.488 171 -189.278 -187.5 171 -156 -189 167.796 
-157.5 -189 170.02 -158.25 -189 171 -159 -188.519 171 
-160.5 -187.88 171 -189 -189 168.223 -188.388 -189 171 
-189 -188.001 171 -154.5 -190.334 171 -154.266 -190.5 171 
-156 -189.909 171 -157.5 -189.481 171 -187.778 -190.5 171 
-153 -191.36 171 -152.36 -192 171 -187.5 -192 168.607 
-186.888 -192 171 -187.5 -191.001 171 -151.5 -193.266 171 
-151.346 -193.5 171 -186.278 -193.5 171 -151.05 -195 171 
-186 -195 167.394 -185.27 -195 171 -186 -193.927 171 
-150.825 -196.5 171 -184.865 -196.5 171 -150.032 -198 171 
-184.558 -198 171 -150 -199.5 167.533 -150 -198.064 171 
-149.457 -199.5 171 -183.476 -199.5 171 -184.5 -198.104 171 
-150 -201 167.407 -149.396 -201 171 -183 -201 167.099 
-182.27 -201 171 -183 -200.065 171 -149.314 -202.5 171 
-181.5 -202.5 169.793 -181.24 -202.5 171 -181.5 -202.24 171 
-149.029 -204 171 -180 -204 167.897 -178.965 -204 171 
-180 -203.236 171 -148.5 -205.05 171 -148.245 -205.5 171 
-177.211 -205.5 171 -178.5 -204.329 171 -147.814 -207 171 
-175.701 -207 171 -177 -205.701 171 -147.814 -208.5 171 
-174.062 -208.5 171 -175.5 -207.201 171 -148.5 -210 168.337 
-147.971 -210 171 -172.5 -210 168.75 -171.827 -210 171 
-172.5 -209.45 171 -174 -208.55 171 -148.5 -211.5 170.557 
-148.393 -211.5 171 -170.05 -211.5 171 -171 -210.719 171 
-148.5 -211.648 171 -150 -213 170.368 -149.789 -213 171 
-151.5 -213 167.957 -168 -213 166.797 -167.493 -213 171 
-168 -212.684 171 -169.5 -211.873 171 -150 -213.166 171 
-151.5 -213.936 171 -153 -214.5 169.572 -152.435 -214.5 171 
-164.25 -214.5 171 -165 -214.05 171 -166.5 -213.529 171 
-153 -214.811 171 -154.5 -215.332 171 -156 -216 170.776 
-155.958 -216 171 -160.05 -216 171 -160.5 -215.745 171 
-162 -215.314 171 -163.5 -214.95 171 -156 -216.023 171 
-157.5 -216.617 171 -159 -216.529 171 -181.5 -175.5 171.764 
-183 -175.5 172.349 -184.5 -175.5 171.461 -178.5 -177 171.638 
-180 -177 172.588 -181.5 -177 173.057 -183 -177 173.25 
-184.5 -177 172.349 -177 -178.5 171.638 -178.5 -178.5 173.057 
-180 -178.5 173.25 -181.5 -178.5 173.25 -183 -178.5 173.25 
-184.5 -178.5 172.588 -177 -180 172.539 -178.5 -180 173.689 
-180 -180 173.443 -181.5 -180 173.25 -183 -180 173.25 
-184.5 -180 173.057 -186 -180 172.588 -187.5 -180 172.349 
-189 -180 171.461 -177 -181.5 173.25 -178.5 -181.5 174.911 
-180 -181.5 173.912 -181.5 -181.5 173.25 -183 -181.5 173.25 
-184.5 -181.5 173.25 -186 -181.5 173.25 -187.5 -181.5 173.25 
-189 -181.5 172.349 -175.5 -183 172.044 -177 -183 173.961 
-178.176 -183 175.5 -178.5 -182.347 175.5 -180 -183 174.736 
-179.051 -183 175.5 -181.5 -183 173.443 -183 -183 173.25 
-184.5 -183 173.25 -186 -183 173.25 -187.5 -183 173.25 
-189 -183 172.349 -172.5 -184.5 171.764 -174 -184.5 172.588 
-175.5 -184.5 173.25 -177 -184.5 174.736 -177.514 -184.5 175.5 
-180 -183.75 175.5 -181.5 -184.5 173.912 -180.45 -184.5 175.5 
-183 -184.5 173.25 -184.5 -184.5 173.25 -186 -184.5 173.25 
-187.5 -184.5 173.25 -189 -184.5 172.349 -168 -186 171.638 
-169.5 -186 172.349 -171 -186 172.588 -172.5 -186 173.057 
-174 -186 173.443 -175.5 -186 174.456 -176.25 -186 175.5 
-177 -185.12 175.5 -181.5 -186 174.151 -180.75 -186 175.5 
-183 -186 173.25 -184.5 -186 173.25 -186 -186 173.25 
-187.5 -186 173.25 -189 -186 172.349 -162 -187.5 171.764 
-163.5 -187.5 172.349 -165 -187.5 172.539 -166.5 -187.5 173.25 
-168 -187.5 173.961 -169.5 -187.5 174.151 -171 -187.5 174.151 
-172.5 -187.5 174.151 -174 -187.5 174.736 -174.62 -187.5 175.5 
-175.5 -186.75 175.5 -181.5 -187.5 174.736 -181.05 -187.5 175.5 
-183 -187.5 173.443 -184.5 -187.5 173.25 -186 -187.5 173.25 
-187.5 -187.5 173.057 -189 -187.5 171.638 -159 -189 171.947 
-160.5 -189 173.25 -162 -189 173.72 -163.5 -189 173.649 
-165 -189 174.456 -165.88 -189 175.5 -166.5 -188.62 175.5 
-168 -188.286 175.5 -169.5 -188.25 175.5 -171 -188.25 175.5 
-172.5 -188.25 175.5 -174 -187.95 175.5 -181.5 -188.25 175.5 
-183 -189 173.912 -181.95 -189 175.5 -184.5 -189 173.25 
-186 -189 173.25 -187.5 -189 172.588 -154.5 -190.5 171.632 
-156 -190.5 172.444 -157.5 -190.5 172.78 -159 -190.5 174.27 
-159.926 -190.5 175.5 -160.5 -190.12 175.5 -162 -190.075 175.5 
-163.5 -190.5 175.43 -163.383 -190.5 175.5 -163.584 -190.5 175.5 
-165 -189.75 175.5 -183 -190.5 174.151 -182.25 -190.5 175.5 
-184.5 -190.5 173.25 -186 -190.5 173.057 -187.5 -190.5 171.638 
-153 -192 174.773 -153.536 -192 175.5 -154.5 -191.722 175.5 
-156 -192 174.736 -155.17 -192 175.5 -157.5 -192 174.862 
-157.927 -192 175.5 -159 -191.164 175.5 -163.5 -190.542 175.5 
-183 -192 173.912 -181.95 -192 175.5 -184.5 -192 173.25 
-186 -192 172.588 -151.5 -193.5 171.703 -152.468 -193.5 175.5 
-153 -192.31 175.5 -156 -192.45 175.5 -157.5 -192.323 175.5 
-181.5 -193.5 174.736 -181.05 -193.5 175.5 -181.5 -192.75 175.5 
-183 -193.5 173.443 -184.5 -193.5 173.057 -186 -193.5 171.638 
-151.5 -195 172.86 -152.38 -195 175.5 -181.5 -195 174.151 
-180.75 -195 175.5 -183 -195 173.25 -184.5 -195 172.501 
-151.5 -196.5 173.839 -152.112 -196.5 175.5 -181.5 -196.5 173.912 
-180.45 -196.5 175.5 -183 -196.5 173.25 -184.5 -196.5 172.016 
-151.5 -197.351 175.5 -151.024 -198 175.5 -180 -198 174.456 
-179.25 -198 175.5 -180 -197.12 175.5 -181.5 -198 173.443 
-183 -198 173.057 -184.5 -198 171.174 -150 -199.396 175.5 
-149.942 -199.5 175.5 -178.5 -199.5 174.736 -178.05 -199.5 175.5 
-178.5 -198.88 175.5 -180 -199.5 173.443 -181.5 -199.5 173.057 
-183 -199.5 171.932 -149.701 -201 175.5 -178.5 -201 174.151 
-177.75 -201 175.5 -180 -201 173.25 -181.5 -201 172.501 
-149.661 -202.5 175.5 -178.5 -202.5 173.72 -177.425 -202.5 175.5 
-180 -202.5 172.501 -149.519 -204 175.5 -177 -204 174.228 
-176.202 -204 175.5 -177 -203.074 175.5 -178.5 -204 171.852 
-148.5 -205.5 172.397 -149.145 -205.5 175.5 -175.5 -205.5 174.228 
-174.702 -205.5 175.5 -175.5 -204.702 175.5 -177 -205.5 171.538 
-148.5 -206.777 175.5 -148.39 -207 175.5 -174 -207 174.228 
-173.202 -207 175.5 -174 -206.202 175.5 -175.5 -207 171.538 
-148.083 -208.5 175.5 -172.5 -208.5 173.744 -171.565 -208.5 175.5 
-172.5 -207.617 175.5 -174 -208.5 171.157 -148.083 -210 175.5 
-171 -210 173.158 -170.001 -210 175.5 -171 -209.001 175.5 
-148.5 -211.474 175.5 -148.5 -211.5 175.174 -148.511 -211.5 175.5 
-169.5 -211.5 172.573 -168.412 -211.5 175.5 -169.5 -210.476 175.5 
-149.734 -213 175.5 -166.648 -213 175.5 -168 -211.829 175.5 
-150 -213.253 175.5 -151.5 -214.467 175.5 -151.555 -214.5 175.5 
-163.925 -214.5 175.5 -165 -213.888 175.5 -166.5 -213.11 175.5 
-153 -215.117 175.5 -154.5 -215.383 175.5 -156 -215.977 175.5 
-156 -216 173.25 -156.045 -216 175.5 -160.5 -216 173.25 
-160.925 -216 175.5 -162 -215.407 175.5 -163.5 -214.755 175.5 
-157.5 -216.604 175.5 -159 -216.686 175.5 -160.5 -216.255 175.5 
-178.5 -183 175.961 -178.5 -184.5 176.849 -180 -184.5 176.264 
-177 -186 176.544 -178.5 -186 177.557 -180 -186 176.849 
-175.5 -187.5 176.544 -177 -187.5 177.557 -178.5 -187.5 177.75 
-180 -187.5 177.088 -166.5 -189 176.264 -168 -189 176.849 
-169.5 -189 176.849 -171 -189 176.849 -172.5 -189 176.849 
-174 -189 177.088 -175.5 -189 177.557 -177 -189 177.75 
-178.5 -189 177.75 -180 -189 177.557 -181.5 -189 176.264 
-160.5 -190.5 176.264 -162 -190.5 176.264 -165 -190.5 176.544 
-166.5 -190.5 177.557 -168 -190.5 177.75 -169.5 -190.5 177.75 
-171 -190.5 177.75 -172.5 -190.5 177.75 -174 -190.5 177.75 
-175.5 -190.5 177.75 -177 -190.5 177.75 -178.5 -190.5 177.75 
-180 -190.5 177.75 -181.5 -190.5 176.849 -154.5 -192 176.138 
-159 -192 177.193 -160.5 -192 178.461 -162 -192 178.22 
-163.5 -192 177.504 -165 -192 177.557 -166.5 -192 177.75 
-168 -192 177.75 -169.5 -192 177.75 -171 -192 177.75 
-172.5 -192 177.75 -174 -192 177.75 -175.5 -192 177.75 
-177 -192 177.75 -178.5 -192 177.75 -180 -192 177.557 
-181.5 -192 176.264 -153 -193.5 176.752 -154.5 -193.5 177.557 
-156 -193.5 177.088 -157.5 -193.5 177.75 -158.825 -193.5 180 
-159 -193.345 180 -160.5 -192.786 180 -162 -193.22 180 
-163.5 -193.5 178.412 -162.299 -193.5 180 -165 -193.5 177.75 
-166.5 -193.5 177.75 -168 -193.5 177.75 -169.5 -193.5 177.75 
-171 -193.5 177.75 -172.5 -193.5 177.75 -174 -193.5 177.75 
-175.5 -193.5 177.75 -177 -193.5 177.75 -178.5 -193.5 177.75 
-180 -193.5 177.088 -153 -195 176.849 -154.5 -195 177.75 
-156 -195 177.943 -157.5 -195 179.236 -157.95 -195 180 
-163.5 -195 178.651 -162.75 -195 180 -165 -195 177.75 
-166.5 -195 177.75 -168 -195 177.75 -169.5 -195 177.75 
-171 -195 177.75 -172.5 -195 177.75 -174 -195 177.75 
-175.5 -195 177.75 -177 -195 177.75 -178.5 -195 177.75 
-180 -195 176.849 -153 -196.5 177.088 -154.5 -196.5 177.943 
-156 -196.5 178.956 -156.75 -196.5 180 -157.5 -195.62 180 
-163.5 -196.5 178.651 -162.75 -196.5 180 -165 -196.5 177.75 
-166.5 -196.5 177.75 -168 -196.5 177.75 -169.5 -196.5 177.75 
-171 -196.5 177.75 -172.5 -196.5 177.75 -174 -196.5 177.75 
-175.5 -196.5 177.75 -177 -196.5 177.75 -178.5 -196.5 177.557 
-180 -196.5 176.264 -151.5 -198 176.432 -153 -198 177.75 
-154.5 -198 178.956 -155.25 -198 180 -156 -197.25 180 
-163.5 -198 179.539 -163.201 -198 180 -165 -198 178.412 
-166.5 -198 177.943 -168 -198 177.75 -169.5 -198 177.75 
-171 -198 177.75 -172.5 -198 177.75 -174 -198 177.75 
-175.5 -198 177.75 -177 -198 177.557 -178.5 -198 176.544 
-150 -199.5 175.674 -151.5 -199.5 177.75 -153 -199.5 178.956 
-153.75 -199.5 180 -154.5 -198.75 180 -163.5 -198.299 180 
-165 -199.05 180 -166.5 -199.5 178.956 -165.62 -199.5 180 
-168 -199.5 177.943 -169.5 -199.5 177.75 -171 -199.5 177.75 
-172.5 -199.5 177.75 -174 -199.5 177.75 -175.5 -199.5 177.75 
-177 -199.5 177.088 -150 -201 176.396 -151.5 -201 178.412 
-152.55 -201 180 -153 -200.38 180 -166.5 -200.38 180 
-168 -201 178.412 -166.95 -201 180 -169.5 -201 177.75 
-171 -201 177.75 -172.5 -201 177.75 -174 -201 177.75 
-175.5 -201 177.75 -177 -201 176.849 -150 -202.5 176.596 
-151.5 -202.5 179.236 -151.95 -202.5 180 -168 -202.5 178.651 
-167.25 -202.5 180 -169.5 -202.5 177.75 -171 -202.5 177.75 
-172.5 -202.5 177.75 -174 -202.5 177.75 -175.5 -202.5 177.557 
-177 -202.5 176.264 -150 -204 177.206 -151.137 -204 180 
-151.5 -203.25 180 -168 -204 178.651 -167.25 -204 180 
-169.5 -204 177.75 -171 -204 177.75 -172.5 -204 177.75 
-174 -204 177.557 -175.5 -204 176.544 -150 -205.5 177.922 
-150.853 -205.5 180 -168 -205.5 178.651 -167.25 -205.5 180 
-169.5 -205.5 177.75 -171 -205.5 177.75 -172.5 -205.5 177.557 
-174 -205.5 176.544 -148.5 -207 175.86 -150 -207 179.053 
-150.507 -207 180 -168 -207 178.651 -167.25 -207 180 
-169.5 -207 177.75 -171 -207 177.557 -172.5 -207 176.544 
-148.5 -208.5 177.095 -149.637 -208.5 180 -150 -207.816 180 
-168 -208.5 178.651 -167.25 -208.5 180 -169.5 -208.5 177.557 
-171 -208.5 176.432 -148.5 -210 177.095 -149.637 -210 180 
-168 -210 178.22 -166.925 -210 180 -169.5 -210 176.432 
-150 -210.684 180 -150 -211.5 179.02 -150.413 -211.5 180 
-166.5 -211.5 179.02 -165.993 -211.5 180 -166.5 -210.684 180 
-168 -211.5 176.352 -150 -213 176.371 -151.055 -213 180 
-165 -213 179.963 -164.984 -213 180 -165 -212.981 180 
-166.5 -213 175.943 -151.5 -213.55 180 -152.499 -214.5 180 
-163.5 -214.5 176.985 -162.713 -214.5 180 -163.5 -213.863 180 
-153 -214.811 180 -154.5 -215.407 180 -156 -216 175.85 
-155.575 -216 180 -160.79 -216 180 -162 -215.03 180 
-156 -216.255 180 -157.5 -216.686 180 -159 -216.686 180 
-160.5 -216.213 180 -159 -193.5 180.32 -160.5 -193.5 181.349 
-162 -193.5 180.461 -159 -195 181.588 -160.5 -195 182.25 
-162 -195 181.349 -157.5 -196.5 181.044 -159 -196.5 182.057 
-160.5 -196.5 182.25 -162 -196.5 181.349 -156 -198 181.044 
-157.5 -198 182.057 -159 -198 182.25 -160.5 -198 182.25 
-162 -198 181.588 -154.5 -199.5 181.044 -156 -199.5 182.057 
-157.5 -199.5 182.25 -159 -199.5 182.25 -160.5 -199.5 182.25 
-162 -199.5 182.057 -163.5 -199.5 181.588 -165 -199.5 180.764 
-153 -201 180.764 -154.5 -201 182.057 -156 -201 182.25 
-157.5 -201 182.25 -159 -201 182.25 -160.5 -201 182.25 
-162 -201 182.25 -163.5 -201 182.25 -165 -201 182.057 
-166.5 -201 180.764 -153 -202.5 181.588 -154.5 -202.5 182.25 
-156 -202.5 182.443 -157.5 -202.5 182.912 -159 -202.5 182.912 
-160.5 -202.5 182.443 -162 -202.5 182.25 -163.5 -202.5 182.25 
-165 -202.5 182.25 -166.5 -202.5 181.349 -151.5 -204 180.764 
-153 -204 182.057 -154.5 -204 182.443 -156 -204 183.456 
-156.88 -204 184.5 -157.5 -203.55 184.5 -159 -203.701 184.5 
-160.5 -204 182.912 -159.299 -204 184.5 -162 -204 182.25 
-163.5 -204 182.25 -165 -204 182.25 -166.5 -204 181.349 
-151.5 -205.5 181.349 -153 -205.5 182.25 -154.5 -205.5 182.912 
-155.55 -205.5 184.5 -156 -204.88 184.5 -160.5 -205.5 183.736 
-160.05 -205.5 184.5 -162 -205.5 182.443 -163.5 -205.5 182.25 
-165 -205.5 182.25 -166.5 -205.5 181.349 -151.5 -207 181.588 
-153 -207 182.443 -154.5 -207 183.736 -154.95 -207 184.5 
-160.5 -206.25 184.5 -162 -207 182.912 -160.95 -207 184.5 
-163.5 -207 182.25 -165 -207 182.25 -166.5 -207 181.349 
-150 -208.5 180.764 -151.5 -208.5 182.25 -153 -208.5 183.456 
-153.702 -208.5 184.5 -154.5 -207.574 184.5 -162 -208.5 183.151 
-161.25 -208.5 184.5 -163.5 -208.5 182.25 -165 -208.5 182.25 
-166.5 -208.5 181.349 -150 -210 180.764 -151.5 -210 182.72 
-152.575 -210 184.5 -153 -209.38 184.5 -162 -210 183.736 
-161.55 -210 184.5 -163.5 -210 182.443 -165 -210 182.057 
-166.5 -210 180.764 -151.5 -211.5 182.493 -152.353 -211.5 184.5 
-162 -210.75 184.5 -163.5 -211.5 182.912 -162.45 -211.5 184.5 
-165 -211.5 181.588 -151.5 -213 181.283 -152.722 -213 184.5 
-163.5 -213 182.174 -162.323 -213 184.5 -153 -213.351 184.5 
-153 -214.5 181.428 -154.088 -214.5 184.5 -162 -214.5 181.929 
-161.001 -214.5 184.5 -162 -213.372 184.5 -154.5 -214.829 184.5 
-156 -215.914 184.5 -156 -216 183.682 -156.25 -216 184.5 
-160.5 -216 181.054 -159.104 -216 184.5 -160.5 -214.976 184.5 
-157.5 -216.299 184.5 -159 -216.058 184.5 -157.5 -204 185.264 
-159 -204 184.961 -156 -205.5 185.264 -157.5 -205.5 186.557 
-159 -205.5 186.088 -156 -207 186.088 -157.5 -207 186.75 
-159 -207 186.557 -160.5 -207 185.264 -154.5 -208.5 185.73 
-156 -208.5 186.996 -157.5 -208.5 186.943 -159 -208.5 186.75 
-160.5 -208.5 185.849 -153 -210 185.264 -154.5 -210 187.22 
-156 -210 188.728 -157.5 -210 187.956 -159 -210 186.943 
-160.5 -210 186.088 -153 -211.5 185.849 -154.5 -211.5 187.651 
-155.342 -211.5 189 -156 -210.274 189 -157.5 -210.88 189 
-159 -211.5 187.412 -157.95 -211.5 189 -160.5 -211.5 186.557 
-162 -211.5 185.264 -153 -213 185.138 -154.5 -213 187.22 
-155.72 -213 189 -159 -213 187.412 -157.799 -213 189 
-160.5 -213 186.557 -162 -213 185.138 -154.5 -214.5 185.352 
-156 -213.28 189 -156 -214.5 187.165 -157.5 -213.299 189 
-157.5 -214.5 187.412 -159 -214.5 186.75 -160.5 -214.5 185.432 
-157.5 -216 185.396 -159 -216 184.674 -156 -211.5 190.093 
-157.5 -211.5 189.764 -156 -213 189.461 -157.5 -213 189.461 

TRIANGLE_STRIPS 1034 7966
OFFSETS vtktypeint64
0 202 291 384 388 399 405 417 421 
443 509 522 526 530 540 544 548 552 
555 558 606 610 614 627 634 638 642 
735 740 744 748 754 757 796 804 822 
826 830 838 860 870 950 954 957 978 
988 1000 1005 1009 1043 1047 1051 1056 1108 
1111 1116 1129 1133 1137 1153 1156 1160 1163 
1166 1174 1179 1206 1216 1221 1226 1230 1250 
1254 1262 1266 1274 1278 1281 1293 1297 1304 
1308 1312 1336 1342 1346 1361 1367 1370 1374 
1379 1383 1387 1399 1406 1409 1413 1418 1421 
1426 1430 1434 1438 1442 1448 1465 1471 1476 
1479 1485 1490 1493 1498 1503 1508 1513 1516 
1534 1537 1542 1545 1550 1553 1557 1561 1569 
1573 1608 1614 1618 1625 1630 1635 1638 1644 
1648 1653 1660 1664 1667 1677 1681 1686 1690 
1702 1706 1714 1718 1723 1727 1731 1737 1745 
1751 1759 1765 1768 1780 1803 1807 1810 1818 
1821 1832 1837 1856 1859 1887 1899 1946 1950 
1954 1977 1985 1988 1993 2000 2009 2016 2020 
2024 2038 2045 2053 2068 2076 2081 2096 2154 
2161 2165 2169 2194 2197 2201 2205 2210 2214 
2225 2229 2236 2241 2244 2262 2269 2272 2294 
2298 2306 2310 2315 2318 2331 2335 2338 2342 
2346 2352 2356 2359 2362 2366 2387 2394 2405 
2415 2419 2424 2428 2435 2439 2457 2460 2464 
2468 2473 2477 2480 2493 2500 2508 2513 2521 
2528 2532 2535 2539 2544 2548 2551 2555 2558 
2562 2583 2589 2595 2634 2641 2645 2669 2676 
2679 2699 2704 2732 2735 2756 2759 2774 2785 
2804 2814 2825 2841 2845 2850 2868 2872 2883 
2888 2902 2906 2912 2924 2927 2937 2941 2946 
2953 2957 2977 2987 2990 2993 2999 3006 3010 
3014 3017 3026 3033 3048 3051 3056 3061 3068 
3071 3076 3081 3087 3093 3096 3099 3109 3116 
3120 3124 3128 3146 3150 3154 3158 3164 3168 
3174 3180 3184 3188 3194 3199 3214 3218 3236 
3239 3243 3249 3252 3257 3263 3271 3279 3287 
3292 3304 3307 3310 3408 3414 3428 3442 3448 
3451 3553 3559 3565 3568 3578 3581 3585 3589 
3620 3623 3639 3652 3663 3670 3692 3696 3709 
3715 3720 3752 3761 3769 3775 3783 3787 3790 
3794 3797 3808 3815 3818 3822 3827 3830 3841 
3846 3851 3855 3859 3863 3866 3870 3879 3886 
3890 3896 3908 3918 3930 3934 3938 3942 3947 
3950 3953 3958 3962 3966 3970 3976 3979 3986 
3992 3996 4000 4006 4014 4017 4020 4025 4028 
4032 4044 4054 4059 4069 4079 4082 4092 4096 
4108 4111 4116 4119 4124 4130 4135 4138 4142 
4155 4158 4168 4172 4176 4187 4191 4197 4209 
4214 4217 4231 4235 4253 4259 4265 4270 4274 
4283 4287 4293 4298 4301 4306 4316 4319 4324 
4330 4333 4336 4340 4349 4355 4359 4364 4368 
4375 4379 4386 4390 4394 4399 4402 4433 4442 
4447 4451 4455 4459 4463 4467 4471 4476 4481 
4485 4489 4493 4499 4503 4510 4514 4518 4525 
4530 4535 4542 4547 4551 4566 4571 4596 4602 
4607 4615 4620 4626 4631 4635 4648 4657 4661 
4664 4675 4682 4686 4690 4698 4704 4707 4711 
4716 4719 4724 4728 4732 4736 4741 4744 4748 
4755 4759 4763 4770 4775 4782 4787 4791 4796 
4799 4804 4813 4823 4832 4836 4844 4849 4853 
4867 4871 4875 4881 4888 4892 4897 4903 4909 
4914 4927 4930 4933 4938 4941 4945 4948 4954 
4960 4964 4970 4974 4978 4982 4985 4990 5061 
5066 5072 5077 5083 5093 5127 5140 5144 5148 
5151 5154 5159 5164 5168 5171 5175 5180 5184 
5188 5202 5206 5217 5221 5224 5227 5230 5256 
5260 5263 5270 5274 5280 5325 5329 5333 5338 
5342 5348 5355 5358 5368 5372 5375 5379 5382 
5386 5390 5410 5420 5425 5433 5441 5458 5466 
5470 5474 5488 5492 5496 5499 5503 5507 5510 
5515 5519 5523 5529 5536 5546 5553 5557 5564 
5580 5585 5596 5599 5602 5612 5617 5620 5625 
5631 5634 5639 5643 5648 5652 5656 5659 5664 
5668 5677 5681 5707 5738 5742 5746 5754 5758 
5776 5780 5796 5800 5807 5824 5840 5855 5858 
5863 5889 5893 5906 5912 5915 5924 5930 5934 
5939 5943 5947 5953 5958 5962 5972 5977 5981 
6003 6006 6011 6022 6045 6049 6097 6103 6107 
6112 6116 6121 6124 6129 6134 6142 6151 6159 
6165 6168 6172 6177 6181 6195 6203 6211 6214 
6218 6224 6227 6238 6243 6246 6250 6254 6258 
6263 6271 6279 6283 6287 6293 6297 6301 6305 
6316 6321 6325 6339 6343 6363 6375 6379 6383 
6388 6392 6396 6403 6407 6411 6416 6420 6426 
6429 6433 6440 6444 6449 6454 6457 6462 6465 
6469 6473 6495 6498 6506 6511 6527 6530 6537 
6541 6546 6551 6554 6558 6561 6565 6568 6572 
6577 6580 6592 6598 6601 6605 6609 6614 6619 
6625 6628 6632 6636 6648 6652 6675 6694 6700 
6707 6712 6716 6721 6729 6744 6749 6759 6766 
6771 6775 6778 6782 6786 6790 6794 6798 6802 
6805 6809 6817 6821 6831 6834 6838 6842 6858 
6862 6872 6876 6880 6885 6888 6892 6899 6903 
6906 6911 6919 6923 6928 6939 6944 6949 6972 
6975 6981 6986 6993 6997 7020 7024 7027 7031 
7044 7048 7052 7056 7061 7065 7069 7074 7077 
7081 7087 7092 7096 7100 7103 7106 7109 7116 
7121 7125 7129 7133 7136 7161 7166 7169 7184 
7188 7193 7197 7202 7215 7224 7228 7236 7240 
7243 7253 7257 7265 7269 7273 7279 7283 7287 
7317 7344 7347 7362 7366 7370 7373 7376 7396 
7399 7404 7415 7420 7423 7427 7431 7443 7453 
7463 7472 7479 7483 7487 7491 7501 7504 7508 
7512 7515 7519 7523 7527 7534 7538 7548 7558 
7562 7567 7573 7579 7583 7586 7594 7599 7616 
7623 7627 7632 7635 7639 7642 7649 7653 7656 
7659 7662 7666 7670 7673 7687 7691 7697 7700 
7704 7708 7712 7716 7720 7724 7732 7735 7741 
7745 7751 7754 7759 7765 7768 7780 7784 7796 
7800 7803 7809 7812 7816 7819 7823 7826 7835 
7843 7846 7850 7853 7857 7866 7875 7884 7888 
7891 7901 7908 7913 7919 7922 7925 7928 7932 
7936 7940 7944 7948 7952 7959 7962 7966 
CONNECTIVITY vtktypeint64
2 0 1 4 47 50 51 53 140 
141 225 142 226 229 316 317 421 422 
411 413 414 416 601 603 870 604 871 
874 1119 1127 1126 1345 1344 1352 1351 1353 
1583 1588 1587 1597 1596 1611 1610 1626 1625 
1857 1856 1870 1855 1869 1854 1868 1853 1867 
1866 1886 1885 1903 1902 1913 1901 1912 1900 
1911 1899 1910 1662 1672 1661 1671 1660 1670 
1659 1669 1658 1668 1657 1667 1656 1666 1421 
1678 1677 1933 1688 1945 1689 1957 1702 1971 
1714 1970 1715 1723 1441 1452 1451 1453 1460 
1461 1463 1464 1465 1733 1737 1735 1738 1995 
1999 2210 2219 2220 2229 2230 2422 2402 2423 
2403 2424 2425 2571 2572 2588 2589 2610 2612 
2630 2631 2649 2650 2668 2669 2686 2687 2700 
2701 2712 2713 2724 2725 2733 2506 2505 2504 
2510 2513 2518 2275 2274 2063 2062 2061 1819 
1809 1561 1555 1316 1306 1305 1300 1299 1292 
1084 1072 1071 856 855 848 854 847 846 
837 836 825 822 812 813 802 1038 1029 
1028 1020 1019 1012 1011 1005 1004 995 1001 
996 1002 1242 1247 1241 1238 1233 1234 1226 
1473 1466 1463 1460 4 0 3 12 13 
21 22 31 32 38 39 45 87 96 
97 108 109 119 120 129 189 195 196 
207 208 217 261 270 271 283 284 294 
295 304 367 378 379 391 380 392 393 
548 549 562 550 563 564 717 718 729 
966 979 1210 1224 1455 1456 1457 1731 1732 
1992 1993 1998 2208 2209 2198 2383 2368 2367 
2354 2353 2341 2340 2331 2330 2324 2323 2317 
2316 2312 2142 2128 2127 2116 2115 1905 1904 
1887 1903 1886 6 3 5 13 14 22 
23 32 33 40 41 88 80 89 90 
99 100 111 176 182 183 190 191 198 
199 257 258 264 348 351 496 506 507 
515 516 524 517 525 526 683 684 693 
694 703 704 951 952 960 1200 1206 1207 
1215 1449 1459 1728 1726 1719 1717 1709 1706 
1696 1697 1698 1951 1941 1939 1926 1927 1928 
2148 2138 2137 2123 2122 2111 2110 1891 1876 
1875 1874 1859 1873 1858 1872 1857 1871 1870 
1890 1889 2106 1906 2116 1905 3 6 4 
50 8 5 7 14 16 23 25 33 
34 41 80 5 8 6 52 50 53 
8 7 9 15 60 62 61 148 146 
230 229 317 2 10 0 12 2 11 
10 18 20 29 30 37 38 42 44 
46 96 106 107 117 118 127 119 128 
129 195 7 16 15 17 66 65 68 
67 70 69 71 76 156 161 162 166 
239 168 240 242 330 333 442 450 451 
459 460 468 469 479 480 490 491 501 
654 663 664 671 665 672 673 930 926 
931 932 937 1185 1184 1190 1189 1196 941 
1195 946 1194 945 1202 1201 1438 1449 1450 
1721 1439 1429 1195 1196 11 19 18 27 
29 28 35 86 36 95 43 106 46 
10 20 12 21 16 24 17 65 16 
25 24 26 65 74 67 75 69 76 
20 30 21 31 25 34 26 74 35 
36 37 42 35 37 29 31 30 38 
32 39 40 87 88 98 99 109 110 
120 182 189 190 196 197 209 256 261 
262 272 273 284 285 296 360 367 368 
380 381 393 394 549 539 550 540 551 
552 709 710 719 957 968 958 969 959 
970 960 1206 36 43 42 46 38 44 
45 96 49 47 48 51 139 140 224 
225 311 226 312 316 421 55 52 54 
8 56 61 146 52 55 53 141 54 
56 55 141 59 57 58 49 135 48 
136 138 222 223 309 310 420 408 597 
407 596 598 866 867 1116 1117 1123 1124 
1135 1349 1348 1360 1359 1585 1584 1594 1593 
1605 1604 1623 1378 1622 1387 1621 1386 1637 
1636 1866 1643 1884 1641 1883 1642 1652 1415 
1414 1404 1403 1392 1391 1161 1162 903 904 
902 913 915 653 646 652 644 485 484 
483 475 343 341 251 247 181 245 175 
243 170 241 164 237 160 234 155 228 
145 144 143 137 135 136 49 57 47 
2 1 60 61 9 8 59 63 57 
2 59 64 63 72 11 19 2 63 
11 15 66 62 147 148 150 231 232 
319 321 425 426 427 428 609 608 610 
433 614 434 613 438 615 619 879 884 
881 1143 1139 1140 1138 1356 1137 1355 1136 
1354 1129 1345 1127 64 73 72 77 79 
85 86 95 73 78 77 83 85 94 
95 105 106 116 117 126 127 133 134 
206 195 207 27 19 79 72 27 79 
28 86 34 80 74 81 75 82 76 
161 78 84 83 92 94 104 105 115 
116 125 126 132 133 205 206 215 216 
269 270 282 283 294 80 90 81 91 
82 165 161 167 166 168 84 93 92 
102 104 114 115 124 125 131 132 204 
205 213 214 219 268 279 280 291 292 
301 293 302 303 377 378 390 391 400 
401 405 574 573 587 586 739 738 987 
986 1228 994 1236 1243 1244 1481 1482 1490 
1750 1756 1757 1762 2020 2019 2024 2023 2242 
2245 2471 2479 2470 2478 2468 2477 2474 2486 
2485 2492 2491 2496 2489 2494 2490 2495 2715 
2500 2725 2499 2506 2504 87 97 98 109 
89 88 99 90 100 101 176 171 177 
178 184 185 192 252 258 344 348 486 
496 497 507 508 516 517 90 101 91 
171 165 172 167 173 168 242 93 103 
102 112 114 123 124 130 131 203 204 
213 96 107 108 118 119 99 110 111 
182 103 113 112 121 123 122 130 193 
200 194 259 260 265 266 275 359 276 
366 287 288 289 297 290 298 291 299 
301 300 305 388 377 389 390 400 127 
134 128 195 48 139 138 223 141 56 
142 146 229 135 143 59 154 64 159 
73 163 78 169 84 174 93 180 103 
187 188 250 254 251 346 347 349 350 
352 353 357 358 363 531 364 538 371 
372 373 383 374 384 386 385 395 558 
559 570 571 584 585 737 738 985 986 
994 135 59 58 150 147 149 68 70 
152 149 151 70 153 157 235 158 236 
162 238 239 240 149 152 150 232 151 
153 152 232 143 145 154 155 159 160 
163 164 169 170 174 175 180 181 187 
250 68 147 66 71 156 157 158 70 
71 157 162 158 156 171 178 172 179 
173 244 242 333 177 176 184 183 191 
178 185 186 248 249 253 342 345 476 
486 487 497 498 508 509 517 518 526 
527 684 677 685 686 694 695 704 952 
178 186 179 249 246 339 336 458 450 
459 103 188 113 194 193 184 191 192 
199 258 113 193 121 122 190 197 198 
256 257 263 264 274 351 354 506 356 
515 362 523 370 532 382 539 394 202 
201 200 130 130 201 203 212 213 218 
219 279 196 208 209 261 201 202 210 
267 211 278 218 279 210 211 212 218 
210 212 201 205 214 215 268 269 281 
282 293 294 303 304 378 206 216 207 
217 221 136 220 222 308 309 420 136 
221 137 144 139 224 223 310 228 144 
227 221 314 315 429 430 436 617 441 
623 449 627 456 457 448 332 440 329 
435 324 429 314 148 231 230 318 317 
422 153 233 232 321 153 235 233 320 
321 322 433 432 434 326 438 327 437 
330 442 179 246 244 336 333 450 250 
181 251 253 248 252 185 188 254 255 
346 349 188 255 194 260 200 259 202 
267 256 262 263 273 274 286 355 360 
361 369 370 382 259 265 267 277 278 
289 290 216 270 217 261 271 272 284 
275 276 277 287 289 275 277 265 268 
280 281 292 293 273 285 286 360 278 
290 279 291 284 295 296 367 301 305 
302 377 221 220 306 307 315 430 220 
308 307 418 431 419 612 606 873 605 
872 865 1114 864 1115 866 1116 224 311 
310 406 408 407 228 227 313 314 324 
221 306 315 231 319 318 423 422 413 
234 313 323 324 329 228 313 234 326 
236 325 238 240 236 326 235 322 320 
326 325 327 240 330 237 323 328 329 
332 234 323 237 241 328 331 332 335 
457 338 465 340 474 475 639 644 640 
645 905 915 902 237 328 241 243 331 
334 335 338 241 331 243 245 334 337 
338 340 243 334 245 337 340 341 475 
337 341 245 247 249 342 339 466 458 
467 459 468 345 253 344 252 251 343 
347 494 505 502 514 512 522 520 530 
528 529 691 700 690 699 688 697 689 
949 942 947 943 948 1199 1205 1197 1203 
1198 1204 1440 1454 1451 1460 255 349 260 
352 266 359 274 355 354 356 352 357 
359 365 366 373 374 356 355 362 361 
370 363 364 365 371 373 363 365 357 
360 368 369 381 382 394 297 288 374 
366 298 297 375 374 386 299 298 376 
375 387 386 395 299 376 300 388 380 
367 379 376 387 388 398 399 403 404 
572 573 586 395 396 387 398 398 396 
397 559 571 388 399 389 400 391 401 
402 560 548 561 562 576 577 728 729 
979 391 402 392 548 398 397 403 571 
572 585 586 738 399 404 400 405 410 
406 409 311 312 406 410 407 598 412 
409 411 421 409 412 410 599 598 867 
411 414 412 600 599 868 867 1117 416 
413 415 423 425 319 416 415 417 424 
602 607 604 874 418 308 419 420 606 
605 312 421 409 415 425 424 427 607 
609 875 610 876 878 1137 1138 307 431 
430 611 617 616 882 883 886 1147 1146 
1154 892 1152 1153 1375 1157 1383 1158 1163 
906 903 902 321 433 428 608 321 428 
426 429 436 435 441 440 449 448 456 
322 326 432 438 437 439 443 618 446 
620 622 621 884 619 443 437 444 442 
451 446 444 445 452 454 461 463 470 
472 481 482 493 647 655 656 665 666 
673 926 443 444 446 446 445 447 453 
624 626 625 890 888 1150 1149 1372 1371 
1603 1602 1619 1617 1630 1618 1863 1852 1862 
1851 1861 1860 1877 1875 1891 444 451 452 
460 461 469 470 480 481 492 493 655 
445 454 453 455 631 630 632 462 637 
464 636 471 638 642 899 901 900 1159 
896 1156 1155 1381 1380 1382 1620 1388 1632 
1633 1634 1638 1882 1640 1898 1645 1909 1654 
1920 1664 1932 1673 1675 1674 1686 1422 1425 
1185 1190 454 462 455 630 454 463 462 
464 464 463 471 472 473 482 641 647 
648 657 916 922 923 927 1172 1176 1417 
1420 1665 1674 1663 1673 1664 342 476 466 
477 467 478 468 479 345 344 486 477 
476 488 487 498 478 477 489 488 499 
498 509 479 478 490 489 500 499 510 
509 518 480 491 492 654 655 664 665 
485 494 483 343 485 495 494 502 490 
500 501 511 663 670 671 678 679 687 
935 940 941 946 504 502 503 495 662 
485 652 347 505 350 514 353 522 358 
531 500 510 511 519 670 677 678 686 
687 696 945 944 953 695 952 502 504 
512 513 520 521 528 691 510 518 519 
527 677 515 523 524 533 534 541 692 
701 693 702 703 950 951 959 960 522 
530 531 537 538 545 546 556 557 568 
569 582 570 583 584 735 736 748 984 
992 993 999 1000 775 1007 788 1014 800 
1022 1031 1256 1260 1262 1261 1505 1267 1512 
1273 1517 1280 1523 1522 1786 1532 1790 1541 
1796 1795 2050 1802 1801 1549 1548 1302 1301 
1293 1300 1292 523 532 533 540 541 552 
710 524 534 525 683 529 535 530 537 
529 536 535 542 544 543 553 716 554 
724 566 734 579 745 588 589 590 594 
591 595 592 746 593 735 583 540 532 
539 535 544 537 545 383 372 546 538 
384 383 547 546 557 384 547 385 558 
553 554 555 565 567 580 581 591 582 
592 593 553 555 544 545 545 555 556 
567 568 581 582 547 557 558 569 570 
395 559 396 550 564 551 718 719 966 
967 1210 1211 1442 1212 1445 1213 1447 1458 
1448 1726 1717 554 566 565 578 580 590 
591 404 573 405 401 574 575 725 726 
975 976 1220 1221 1230 1231 1468 1469 1476 
1747 1746 1752 1475 1751 1483 1750 1482 401 
575 560 561 561 575 576 727 728 978 
979 1224 562 577 563 717 566 579 578 
588 590 583 582 593 414 601 600 869 
868 1118 1117 1125 1124 1343 1350 1344 1351 
417 602 603 604 417 603 416 420 597 
605 865 431 612 611 616 613 615 614 
880 878 1138 439 618 619 621 438 439 
619 618 620 621 624 625 447 446 446 
625 622 888 885 1149 1145 1371 1366 1367 
1365 1592 1364 1591 1363 1590 1362 1589 1361 
1588 1353 629 627 628 623 887 617 882 
453 631 626 889 890 891 1150 1151 1373 
1155 1380 635 633 634 629 893 628 892 
887 1146 886 629 633 627 457 636 638 
637 900 896 635 639 633 457 639 635 
640 898 905 906 902 457 639 465 474 
473 641 642 643 908 907 909 917 1165 
1169 1407 1416 1408 1655 1644 1653 1645 1654 
471 473 642 644 645 646 915 641 648 
643 907 651 649 650 653 913 653 649 
652 662 475 644 484 647 656 657 666 
922 926 927 932 1176 1179 1420 1422 1674 
660 658 659 651 921 650 913 651 658 
649 661 662 669 503 504 660 667 658 
669 661 660 668 667 674 676 682 513 
521 668 675 674 680 682 690 691 667 
676 669 504 504 676 513 671 679 672 
930 675 681 680 688 690 688 681 689 
942 521 682 691 534 692 683 693 685 
684 694 686 695 696 944 699 697 698 
949 956 947 954 948 955 1205 962 1208 
963 1219 972 1227 981 1235 989 1242 996 
529 700 536 708 542 543 698 705 699 
707 700 708 698 706 705 712 714 722 
723 733 734 744 745 754 755 768 769 
783 784 796 797 808 809 820 821 833 
1047 1046 1056 832 1055 843 1054 842 1053 
841 850 840 849 848 856 541 710 711 
957 950 958 959 541 711 701 702 706 
713 712 720 722 732 733 743 744 753 
754 767 768 782 783 795 796 807 808 
819 820 831 832 843 705 714 707 715 
708 716 543 551 719 709 713 721 720 
730 732 742 743 752 753 766 767 781 
782 794 795 806 807 818 819 831 714 
723 715 724 716 575 726 727 977 978 
1222 1223 1232 1462 1470 1736 1741 2002 2001 
2006 2005 2225 2231 2435 2236 2448 2235 2459 
2239 2243 2241 2242 2024 717 577 729 721 
731 730 740 742 751 752 765 766 780 
781 793 794 805 806 817 818 830 831 
842 843 724 723 734 584 736 737 984 
985 993 994 1000 1243 1007 1248 1014 1252 
1022 1256 574 587 725 739 975 987 1229 
1228 1237 1236 1244 731 741 740 749 751 
764 765 779 780 792 793 804 805 816 
817 829 830 840 841 735 746 747 758 
760 772 774 787 788 800 735 747 748 
759 992 761 999 773 775 774 788 741 
750 749 762 764 778 779 791 792 803 
804 815 816 828 829 840 594 589 755 
745 595 594 756 755 769 595 756 746 
757 758 771 772 786 787 799 800 811 
1031 1030 1040 1039 1261 1267 747 760 759 
761 750 763 762 776 778 777 789 1021 
790 1029 802 757 756 770 769 784 757 
770 771 785 786 798 799 809 810 821 
1039 1047 1267 1273 761 760 773 774 770 
784 785 797 798 809 789 790 791 801 
803 814 815 827 828 839 840 848 789 
791 778 790 802 801 812 814 826 827 
838 839 848 799 810 811 1030 824 822 
823 813 1038 812 825 826 837 838 847 
848 820 832 833 1046 822 824 834 1052 
835 1061 845 1070 852 1081 858 1093 862 
1094 863 1082 860 861 854 855 834 835 
836 844 846 853 854 859 860 863 834 
836 822 841 842 830 835 845 844 851 
853 859 845 852 851 857 859 862 863 
852 858 857 862 865 596 864 866 597 
596 865 601 870 869 1119 1118 1126 1125 
1344 1343 607 875 874 1130 1128 1136 1129 
612 873 877 1120 1131 1121 1132 1133 1346 
1347 1357 1358 1370 1584 1593 614 878 610 
615 879 880 881 1139 616 612 883 877 
1131 622 885 884 1144 1143 1365 1364 882 
886 887 895 632 894 637 896 632 895 
631 891 889 894 896 895 1155 891 1151 
898 634 897 893 1153 892 635 634 898 
638 899 900 642 908 901 1164 1160 1389 
1159 1388 1381 1382 912 910 911 914 1168 
1162 1391 914 910 913 921 913 904 914 
1162 648 916 907 917 920 918 919 912 
1167 911 1166 1168 1401 1391 1402 1403 1413 
1414 1650 1651 1662 1899 912 918 910 921 
916 923 917 1169 920 924 918 921 920 
925 924 928 660 668 660 659 924 921 
925 929 928 933 668 675 929 934 933 
938 675 681 679 935 930 931 931 936 
937 1184 931 935 936 941 1184 1189 934 
939 938 942 681 942 939 943 1193 1199 
1191 1197 1192 1198 1428 1431 1432 1433 1715 
1441 945 946 687 940 698 956 706 965 
713 974 721 983 731 991 741 998 750 
1006 763 1013 776 777 711 950 702 963 
961 962 955 955 961 954 964 965 974 
956 954 965 719 967 968 1212 1213 963 
971 961 973 964 974 963 972 971 980 
982 990 991 998 726 976 977 1221 1222 
1231 1232 1470 972 981 980 988 990 997 
998 1006 971 982 973 983 974 981 989 
988 995 997 1005 1006 1012 1013 1020 1021 
1029 983 982 991 996 995 989 1001 1002 
1003 1247 1251 1245 1249 1246 1250 1494 1500 
1493 1499 1491 1497 1492 1765 1758 1763 1759 
1764 2021 2025 2022 2026 2244 2246 2473 2249 
2480 2481 2676 2488 2692 2493 2705 2497 2716 
2503 2726 2508 2734 2509 2514 2273 2277 2060 
2276 2064 2066 2065 2070 2072 2077 2078 2289 
2079 2085 2080 2087 2081 1828 1827 1829 1822 
1823 1815 1816 1807 1808 1550 1551 1545 1553 
1546 1554 1547 1297 1296 1295 1289 1290 1288 
1283 1282 1281 1530 1275 1521 1269 1516 1264 
1511 1258 1504 1254 1500 1250 1003 1008 1001 
1010 1004 1011 1003 1009 1008 1015 1017 1025 
1026 1035 1036 1044 1045 1051 1052 1061 1009 
1016 1015 1023 1025 1034 1035 1043 1044 1050 
1051 1060 1061 1070 1008 1017 1010 1018 1011 
1019 777 1013 1021 1016 1024 1023 1032 1034 
1033 1041 1272 1042 1278 1049 1285 1058 1291 
1067 1076 1075 1077 1085 1086 1087 1303 1312 
1311 1320 1319 1332 1330 1331 1570 1576 1575 
1838 1837 1846 1845 2096 2094 2101 2095 2309 
2303 2304 2302 2540 2539 2773 2538 2772 2534 
2768 2767 2888 2885 2932 2923 2933 2924 2934 
2925 2948 2926 2949 2927 2929 2928 2935 2937 
2945 2938 2893 2887 2891 2886 2770 2771 2769 
2764 2763 2765 2758 2883 2759 2877 2752 2746 
2751 2745 2753 2747 2748 2739 2740 2730 2731 
2721 2722 2710 2711 2699 2700 2686 1017 1026 
1018 1027 1019 1028 1026 1036 1027 1037 1028 
1038 1030 810 1039 1041 1042 1043 1048 1050 
1059 1060 1069 1070 1081 1041 1043 1034 1036 
1045 1037 1038 824 823 1045 1038 1042 1049 
1048 1057 1059 1068 1069 1080 1081 1092 1093 
1104 1094 1105 1106 1313 1314 1328 1559 1566 
1817 1826 2068 2076 2278 2279 2280 2515 2281 
2518 2274 824 1045 1052 1049 1058 1057 1066 
1068 1079 1080 1091 1092 1103 1104 1112 1113 
1327 1328 1566 850 849 1062 1073 1063 1074 
1064 1294 1286 1540 1531 1541 1532 850 1062 
1053 1063 1054 1064 1065 1286 1287 1531 1532 
1054 1065 1055 1279 1056 1280 1273 1058 1067 
1066 1075 1078 1089 1090 1101 1102 1110 1111 
1324 1325 1337 1338 1573 1564 1824 1565 1825 
1826 2076 856 1072 849 1073 1066 1078 1079 
1090 1091 1102 1103 1111 1112 1325 1326 1338 
1564 861 1082 1083 1096 1299 1305 861 1083 
855 1084 1071 1075 1085 1088 1099 1100 1108 
1109 1322 1323 1335 1324 1336 1337 1571 1572 
1581 1830 1831 1832 2082 2083 2091 2290 2291 
2292 2530 2531 2766 2760 2757 2751 2752 1075 
1088 1089 1100 1101 1109 1110 1323 1324 1082 
1094 1095 1106 1107 1315 1316 1561 1082 1095 
1096 1107 1305 1316 1085 1087 1097 1312 1098 
1321 1108 1322 1097 1098 1099 1108 1097 1099 
1085 1104 1113 1105 1313 870 871 1119 873 
872 1120 1114 1121 1122 1133 1134 1347 1348 
1359 1114 1115 1122 1123 1134 1135 1348 1116 
1123 1115 1129 1127 1128 874 875 876 1130 
1137 1136 1139 1138 880 883 1131 1141 1142 
1148 1357 1368 1369 1377 1378 1387 1131 1132 
1142 1346 1357 885 1145 1144 1366 1365 1147 
883 1148 1141 1158 897 1157 1153 897 1158 
898 906 1160 1159 901 903 1163 1161 1392 
908 909 1164 1165 1398 1407 1399 1408 1644 
1171 919 1170 1167 1400 1166 1401 919 1171 
920 925 923 1172 1169 1417 1416 1655 1175 
1173 1174 1171 1410 1170 1409 1411 1647 1648 
1659 1660 1171 1173 925 1177 929 1183 934 
1188 939 1193 1173 1175 1177 1178 1180 1181 
1182 1424 1187 1426 1192 1428 1177 1180 1183 
1188 932 1185 1179 1422 1182 1186 1180 1188 
1182 1187 1186 1191 1193 1192 1191 1187 1188 
1186 1193 952 1200 953 1201 945 1194 1202 
1195 1439 1200 1207 1201 1449 1204 1208 1203 
1205 1204 1209 1208 1216 1219 1227 967 1211 
1212 968 1213 969 1214 970 1215 1206 1218 
1216 1217 1209 1454 1204 978 1223 1224 1456 
1218 1225 1216 1227 1218 1226 1225 1233 1235 
1242 975 1229 1230 1467 1468 1474 1475 1483 
975 1230 1220 1227 1225 1235 1240 1238 1239 
1234 1473 1242 1233 1241 1240 1245 1238 1247 
1245 1240 1246 1488 1494 1487 1493 1484 1491 
1486 1492 1758 1003 1251 1009 1255 1016 1259 
1024 1266 1032 1033 1250 1253 1249 1255 1251 
1250 1254 1253 1257 1259 1265 1266 1271 1272 
1278 1254 1258 1257 1263 1265 1270 1271 1277 
1278 1285 1255 1253 1259 1258 1264 1263 1268 
1270 1276 1277 1284 1285 1291 1261 1260 1040 
1031 1264 1269 1268 1274 1276 1283 1284 1290 
1291 1298 1076 1077 1033 1266 1272 1269 1275 
1274 1281 1283 1273 1047 1056 1065 1287 1279 
1532 1522 1072 1292 1073 1293 1074 1294 1290 
1295 1298 1303 1086 1084 1083 1299 1293 1302 
1294 1540 1295 1297 1303 1304 1308 1309 1310 
1557 1562 1558 1563 1823 1829 1077 1298 1086 
1300 1306 1307 1555 1556 1809 1810 2056 1801 
2050 1300 1307 1301 1548 1303 1308 1311 1319 
1106 1314 1315 1559 1560 1817 1818 2068 2069 
2278 2280 1310 1317 1308 1319 1310 1318 1317 
1329 1319 1330 1312 1320 1321 1333 1334 1340 
1341 1579 1580 1843 1581 1831 1112 1326 1327 
1564 1565 1313 1113 1328 1320 1332 1333 1339 
1340 1578 1579 1842 1843 2090 2091 2300 2291 
2530 1321 1334 1322 1335 1332 1331 1339 1576 
1577 1839 1840 1848 1849 2100 2088 2298 2089 
2299 2300 2537 2530 2766 1334 1341 1335 1342 
1336 1571 1124 1350 1349 1582 1360 1585 1345 
1354 1352 1361 1353 1347 1359 1358 1584 1361 
1354 1362 1355 1363 1356 1364 1140 1143 1148 
1368 1147 1154 1357 1370 1369 1379 1378 1604 
1372 1373 1374 1380 1620 1373 1372 1150 1152 
1154 1376 1368 1377 1152 1376 1375 1385 1384 
1394 1383 1393 1392 1404 1383 1375 1384 1387 
1386 1377 1385 1376 1388 1389 1390 1397 1633 
1638 1159 1381 1156 1163 1383 1392 1396 1395 
1385 1394 1385 1386 1396 1636 1635 1643 1406 
1641 1642 1398 1399 1397 1639 1638 1640 1398 
1397 1164 1389 1406 1405 1394 1404 1393 1394 
1395 1406 1635 1170 1400 1411 1401 1412 1402 
1413 1404 1405 1415 1642 1419 1174 1418 1410 
1646 1409 1647 1174 1419 1175 1178 1178 1419 
1421 1656 1424 1181 1423 1421 1677 1421 1181 
1178 1425 1190 1427 1196 1430 1429 1700 1711 
1701 1713 1955 1969 1954 1953 1942 1941 1929 
1926 1916 1917 1918 2138 2125 2124 2113 2112 
1893 1892 1878 1877 1861 1436 1434 1435 1442 
1444 1443 1724 1457 1732 1434 1436 1437 1706 
1717 1202 1438 1439 1450 1433 1440 1431 1198 
1433 1441 1440 1451 1442 1434 1445 1447 1437 
1446 1434 1447 1447 1446 1448 1717 1457 1443 
1455 1442 1210 1213 1458 1214 1459 1215 1218 
1217 1460 1454 1223 1462 1456 1731 1226 1218 
1466 1460 1231 1469 1470 1740 1741 2001 1465 
1471 1463 1473 1465 1472 1471 1477 1480 1488 
1240 1474 1467 1237 1229 1468 1475 1476 1746 
1479 1477 1478 1472 1745 1465 1737 1240 1239 
1480 1473 1471 1244 1482 1237 1483 1474 1486 
1484 1485 1479 1748 1478 1745 1479 1484 1477 
1487 1488 1489 1481 1248 1243 1481 1489 1490 
1496 1761 1760 1767 1766 1773 1501 1772 1506 
1771 1505 1512 1496 1489 1495 1248 1252 1499 
1497 1498 1765 1770 1763 1768 1764 1769 2025 
2029 2026 2030 2246 2248 2249 2250 2481 2254 
2488 2258 2493 2262 2497 2503 1252 1256 1495 
1501 1760 1766 1498 1502 1499 1504 1500 1498 
1503 1502 1507 1510 1515 1516 1521 1505 1506 
1262 1501 1256 1509 1507 1508 1503 1770 1498 
1504 1502 1511 1510 1516 1509 1513 1507 1515 
1509 1514 1513 1518 1520 1528 1529 1537 1538 
1547 1539 1296 1289 1514 1519 1518 1524 1527 
1535 1536 1545 1546 1513 1520 1515 1521 1279 
1522 1280 1526 1524 1525 1519 1785 1514 1778 
1509 1774 1508 1770 1518 1527 1528 1536 1537 
1546 1547 1520 1529 1521 1530 1526 1533 1524 
1535 1526 1534 1533 1542 1544 1543 1550 1807 
1529 1538 1530 1539 1282 1288 1288 1539 1289 
1533 1544 1535 1545 1302 1549 1540 1795 1541 
1545 1544 1550 1553 1551 1552 1808 1816 1297 
1554 1304 1309 1307 1556 1548 1801 1552 1557 
1553 1554 1557 1552 1558 1816 1823 1309 1554 
1557 1315 1560 1561 1819 1310 1562 1318 1569 
1329 1570 1330 1327 1565 1566 1826 1563 1567 
1562 1569 1563 1568 1567 1574 1569 1575 1570 
1337 1572 1573 1830 1832 1339 1577 1578 1840 
1841 1849 2088 1341 1580 1342 1581 1571 1351 
1583 1350 1582 1585 1582 1586 1587 1596 1583 
1587 1582 1585 1586 1595 1596 1610 1585 1595 
1594 1608 1607 1609 1850 1856 1855 1588 1589 
1598 1599 1613 1600 1614 1615 1851 1852 1588 
1598 1597 1612 1611 1627 1626 1858 1857 1589 
1590 1599 1600 1590 1591 1600 1601 1615 1616 
1852 1618 1591 1592 1601 1602 1617 1371 1602 
1367 1592 1372 1374 1603 1620 1619 1631 1630 
1864 1863 1880 1879 1894 1893 2113 1370 1593 
1379 1604 1607 1606 1594 1605 1595 1610 1608 
1625 1609 1856 1598 1613 1612 1628 1627 1859 
1858 1618 1616 1617 1601 1605 1624 1623 1854 
1853 1605 1606 1624 1850 1854 1855 1613 1629 
1628 1860 1859 1875 1613 1614 1629 1851 1860 
1620 1632 1631 1865 1864 1881 1880 1896 1895 
1897 2114 2125 2113 1388 1390 1633 1396 1635 
1395 1621 1622 1637 1853 1866 1405 1406 1642 
1639 1644 1640 1645 1639 1399 1644 1411 1412 
1648 1649 1660 1661 1412 1413 1649 1650 1661 
1662 1414 1652 1651 1899 1419 1418 1656 1646 
1657 1658 1646 1647 1658 1659 1653 1663 1654 
1664 1653 1655 1665 1417 1665 1663 1653 1424 
1423 1676 1677 1688 1666 1667 1678 1679 1934 
1681 1948 1690 1692 1691 1703 1693 1704 1694 
1705 1695 1965 1966 2170 2159 2171 2172 2182 
2183 2196 2344 2357 2358 2374 2359 2375 2376 
2553 2551 2554 2555 2559 2378 2396 2395 2414 
2415 2416 2431 2432 2445 2446 2454 2456 2455 
2622 2640 2621 2639 2620 2638 2619 2637 2618 
2636 2617 2635 2616 2634 2615 2633 2614 2632 
2613 2631 2612 1681 1679 1680 1667 1668 1668 
1669 1682 1683 1693 1694 1668 1682 1680 1691 
1690 1669 1670 1683 1684 1694 1695 1670 1671 
1684 1685 1695 1935 1949 1950 1966 2159 1671 
1672 1685 1921 1935 1922 1936 1937 2149 2150 
2160 2161 2173 2326 2335 2336 2345 2346 2360 
2550 2551 2552 2555 2363 2378 2377 2395 2397 
2415 2417 2433 2434 2448 2435 1686 1687 1675 
1944 1932 1931 1920 1919 1907 1916 1908 1918 
2125 1688 1689 1676 1424 1424 1689 1426 1428 
1680 1690 1681 1693 1691 1682 1696 1698 1699 
1941 1953 1686 1700 1687 1701 1955 1425 1427 
1700 1430 1686 1425 1700 1689 1702 1428 1432 
1708 1706 1707 1436 1435 1706 1708 1697 1951 
1699 1710 1696 1709 1713 1711 1712 1721 1722 
1728 1727 1719 1720 1718 1968 1710 1953 1699 
1715 1432 1714 1702 1707 1435 1716 1444 1725 
1724 1980 1988 2197 2208 2198 1710 1718 1709 
1719 1711 1429 1721 1437 1717 1446 1721 1449 
1728 1730 1452 1729 1723 1990 1991 2199 2187 
2200 2201 2214 2215 2385 2386 2406 2387 2407 
2408 2560 2561 2575 2576 2593 2594 2616 2617 
1452 1730 1453 1461 1459 1458 1726 1735 1733 
1734 1730 1989 1729 1990 1730 1733 1461 1464 
1462 1736 1731 1997 1992 1998 1737 1738 1739 
2000 1743 2003 2004 2228 2008 2232 2233 2436 
2451 2437 2585 2438 2440 2439 2452 2441 2453 
2442 2606 2607 2782 2783 2786 2787 2791 2629 
2647 2646 2664 2666 2681 2682 2804 2684 2814 
2696 2698 2697 2708 2710 2721 1744 1742 1743 
1739 1739 1742 1737 1745 1469 1747 1740 2005 
2001 1744 1748 1742 1745 1744 1749 1748 1753 
1486 1758 1755 1753 1754 1749 2007 2004 2008 
1748 1486 1485 1750 1757 1751 2015 2010 2016 
2011 2234 2231 2236 1753 1755 1758 1759 1496 
1495 1760 1490 1761 1762 2019 1490 1762 1756 
1769 1774 1768 1770 1769 1775 1774 1778 1771 
1512 1776 1780 1781 2035 2036 2042 2255 2041 
2259 2046 2045 2040 1786 1787 1523 1780 1517 
1512 1771 1777 1772 2031 2027 2032 2028 2247 
2245 2479 1771 1776 1777 1781 2036 1775 1779 
1778 1782 1785 1788 1525 1526 1784 1782 1783 
1779 2033 1775 2029 1769 1782 1784 1788 1789 
1791 1792 1793 2043 2047 2044 2048 2262 2266 
2503 2502 2508 2509 1788 1791 1794 1799 1800 
1806 1807 1815 1534 1526 1794 1788 1793 1797 
1791 1799 1793 1798 1797 1803 1805 1811 1812 
2067 1813 2073 1820 1821 1822 1827 1542 1534 
1800 1794 1542 1800 1543 1807 1802 1795 1549 
1798 1804 1803 1811 1797 1805 1799 1806 1810 
1801 1556 1812 1813 1814 1820 1822 1812 1814 
1805 1806 1806 1814 1815 1822 1560 1818 1819 
2069 2062 2274 1563 1829 1568 1836 1574 1837 
1575 1573 1832 1833 2084 2074 2284 2075 2285 
2076 2279 1573 1833 1824 2074 1825 2075 2076 
1828 1834 1829 1836 1828 1835 1834 1844 1836 
1845 1837 1576 1838 1839 1847 1848 2099 2100 
2308 2298 2535 2299 2536 2537 2763 2766 2757 
1578 1841 1842 2088 2089 1838 1846 1847 2098 
2099 2307 2308 2546 2535 2769 2763 1607 1850 
1606 1623 1853 1622 1632 1634 1865 1882 1881 
1898 1896 1909 1907 1920 1861 1862 1878 1879 
1893 1863 1879 1862 1866 1885 1884 1902 1901 
1867 1868 1887 1888 1905 1906 1887 1886 1867 
1868 1869 1888 1870 1889 1877 1892 1891 2111 
1880 1895 1894 2114 2113 1652 1883 1899 1900 
1884 1901 1883 1900 1889 1906 1888 1896 1907 
1897 1908 2125 1915 1914 1903 1913 1903 1904 
1915 2115 2126 2127 2141 2142 2316 1672 1910 
1921 1922 1910 1911 1922 1923 1937 1938 2150 
2151 2161 2320 2326 2327 2336 2337 2348 2350 
2362 2364 2379 2380 2398 2399 2418 2419 2435 
2225 1911 1912 1923 1913 1924 1925 2139 2140 
2152 2315 2320 2321 2327 2328 2337 2338 2350 
2351 2364 2365 2380 2381 2399 2400 2419 2401 
2226 2218 2224 2002 2006 1913 1914 1925 2140 
1926 1928 1917 2138 1916 1919 1930 1931 1943 
1944 1955 1687 1916 1930 1929 1942 1678 1934 
1933 1947 1946 1959 1958 1960 2169 2178 2168 
2177 1971 1984 1970 1983 1723 1991 1923 1924 
1938 2151 1939 1940 1927 2158 2148 2147 2136 
2135 2121 2120 2109 2108 2104 2103 1872 1871 
1930 1943 1942 1954 1933 1946 1945 1956 1957 
2168 1971 1934 1948 1947 1961 1959 1974 1972 
1985 1973 2189 2178 2188 2177 2187 1984 1991 
1983 1935 1936 1950 2149 2159 2160 2172 2173 
2184 2335 2344 2345 2359 2360 2376 2551 1939 
1951 1940 1952 2167 2176 2165 2174 2166 2175 
2343 2355 2342 2354 2341 1955 1954 1943 1946 
1958 1956 2169 2168 1692 1703 1962 1963 1975 
1976 1987 2179 2191 2192 2205 2206 2370 2371 
2390 2391 2411 2412 2564 2565 2579 2580 2597 
2598 2620 2621 1692 1962 1948 1961 1703 1704 
1963 1964 1977 1978 2180 2170 2181 2182 2195 
2196 2357 1704 1705 1964 1965 1978 2170 1695 
1949 1966 1951 1708 1952 1707 1967 1716 1979 
1725 1980 1953 1969 1968 1982 1720 1727 1713 
1712 1969 1982 1959 1972 1960 1973 2178 1962 
1975 1961 1974 1963 1977 1976 2179 1979 1980 
1981 2185 2176 2174 1979 1981 1967 2176 1952 
1712 1722 1982 1727 1974 1986 1985 2190 2189 
2203 2202 2216 2215 2386 1974 1975 1986 1987 
2191 1732 1993 1724 1988 1995 1734 1994 1996 
2211 2199 2212 2200 2213 2214 2384 2385 2405 
2406 2427 2429 2444 2573 2589 2590 2612 2613 
1735 1734 1995 1734 1989 1996 1990 2199 1738 
1999 2000 2219 2003 2229 2227 2421 2420 2439 
2438 1736 2002 1997 2218 2209 2401 2383 2382 
2367 2366 2353 2352 2340 2339 2330 2329 2323 
2322 2316 2315 2141 2140 1914 1743 2004 1744 
1749 2007 2008 2009 2233 2013 2237 2238 2449 
2240 2460 2244 2466 2473 2472 2659 2641 2660 
2661 2678 2679 2695 2797 2805 2806 2816 2817 
2828 2818 2829 2830 2903 2904 2907 2833 2844 
2843 2853 2854 2855 2864 2865 2873 2874 2880 
2931 2882 2938 2887 1751 2010 1752 2011 1747 
2005 2014 2012 2013 2009 2009 2012 2007 1755 
1754 2014 2017 2012 1755 2014 2018 2017 2021 
1759 1755 2017 1759 1757 2020 2015 2239 2235 
2021 2018 2022 2240 2244 2019 1761 2023 1767 
2028 1773 2027 1772 2029 2030 2033 2034 2037 
2038 2039 2254 2258 1777 2036 2031 2251 2032 
2252 2247 2479 2033 2037 1784 2043 1789 1792 
2033 1784 1783 1787 2040 2041 2046 1787 2041 
1780 2042 2035 2037 2039 2043 2044 1786 1790 
2045 1796 2053 2052 2269 2268 2507 2272 2513 
2271 2275 2063 2047 2048 2049 2267 2055 2270 
2060 2273 2052 2050 2051 2056 2058 2057 2271 
2063 2050 2052 1796 2049 2054 2047 1793 2049 
2055 2054 2059 1798 1804 1793 2054 1798 2055 
2060 2059 2064 1811 2065 2067 2072 2073 2080 
2081 2063 2057 2061 2056 1809 1811 1804 2059 
2066 2071 2070 2077 2079 2080 2078 2072 1827 
1821 2081 2073 1832 2083 2084 2290 2292 2087 
2085 2086 2296 2301 2297 2538 2534 1828 2087 
1835 2092 1844 2093 1845 2094 1842 2089 2090 
2300 1831 1843 2082 2091 2087 2086 2092 2301 
2302 2539 2094 2093 2095 2303 2096 2097 1846 
2098 2101 2102 2096 2097 1872 1873 2104 2105 
2109 2110 2121 2122 2136 2137 2148 1873 1874 
2105 1876 2110 1871 2103 1890 2106 2106 2103 
2107 2108 2119 2120 2134 2135 2146 2147 2157 
2158 2167 1940 1892 2112 2111 2123 2116 2106 
2117 2118 2130 2131 2314 2133 2319 2144 2325 
2154 2332 2162 2333 2163 2334 2164 2166 2165 
2106 2107 2118 2119 2132 2134 2145 2146 2156 
2157 2165 2167 2112 2124 2123 2138 1915 2126 
1914 2141 2128 2116 2129 2117 2130 2133 2131 
2132 2118 2132 2143 2133 2144 2132 2145 2143 
2155 2153 2162 2154 2151 1924 2152 2139 2143 
2153 2144 2154 2145 2156 2155 2163 2162 2163 
2156 2164 2165 1977 2180 2179 2193 2192 2206 
2171 2182 2170 2172 2184 2183 2344 2174 2185 
2175 2186 2355 2368 2354 1986 2191 2190 2203 
2195 2194 2181 2193 2180 2185 2197 2186 2198 
2368 2185 1980 2197 2187 2188 2201 2202 2215 
2189 2202 2188 2205 2204 2191 2203 2193 2207 
2206 2371 2193 2194 2207 2356 2371 2372 2391 
2392 2412 2413 2565 2556 2566 2567 2581 2582 
2599 2600 2622 2601 2456 2446 1988 1993 2208 
1995 1994 2210 2211 2220 2221 2230 2402 2203 
2217 2216 2387 2386 2203 2204 2217 2369 2387 
2388 2408 2409 2561 2562 2576 2577 2594 2595 
2617 2618 1998 1997 2209 2221 2211 2222 2212 
2223 2213 2384 2226 2224 2225 2006 2003 2227 
2228 2420 2438 2236 2234 2235 2016 2015 2011 
2231 2005 2013 2238 2014 2018 2238 2240 2018 
2239 2020 2241 2024 2023 2028 2245 2250 2253 
2248 2030 2250 2254 2253 2038 2034 2030 2253 
2034 2257 2255 2256 2259 2261 2260 2496 2265 
2501 2264 2269 2053 2255 2257 2251 2487 2252 
2479 2255 2251 2036 2039 2258 2044 2262 2265 
2263 2264 2053 2265 2260 2263 2259 2045 2048 
2266 2267 2502 2509 2052 2051 2268 2058 2272 
2271 2045 2053 2263 2280 2281 2069 2274 2277 
2282 2276 2066 2277 2283 2282 2286 2077 2287 
2289 2294 2295 2533 2297 2534 2066 2282 2071 
2077 2287 2286 2288 2524 2525 2523 2754 2750 
2869 2859 2870 2860 2861 2849 2850 2838 2839 
2825 2826 2815 2827 2816 2828 2084 2292 2293 
2531 2527 2760 2528 2753 2521 2522 2520 2516 
2515 2517 2511 2741 2512 2733 2505 2084 2293 
2284 2526 2520 2521 2287 2288 2294 2532 2533 
2767 2534 2297 2296 2295 2085 2289 2303 2093 
2302 2092 2306 2098 2305 2097 2102 2098 2306 
2307 2545 2546 2777 2770 2891 2101 2309 2310 
2547 2548 2780 2781 2902 2899 2947 2900 2945 
2892 2893 2891 2102 2101 2311 2310 2548 2102 
2311 2305 2543 2306 2544 2545 2776 2777 2891 
2128 2129 2312 2313 2318 2319 2325 2129 2130 
2313 2314 2319 2312 2318 2317 2324 2152 2320 
2151 2315 2322 2321 2328 2318 2325 2324 2331 
2322 2329 2328 2338 2325 2332 2331 2341 2329 
2339 2338 2351 2332 2333 2342 2343 2342 2341 
2332 2333 2334 2343 2166 2346 2336 2347 2348 
2349 2361 2552 2363 2339 2352 2351 2365 2194 
2195 2356 2357 2373 2374 2392 2393 2413 2556 
2359 2358 2344 2363 2361 2362 2348 2352 2366 
2365 2381 2204 2205 2369 2370 2389 2390 2410 
2411 2563 2564 2578 2579 2596 2597 2619 2620 
2356 2373 2372 2392 2363 2362 2377 2379 2397 
2398 2417 2418 2434 2435 2366 2382 2381 2400 
2369 2389 2388 2409 2393 2374 2394 2375 2553 
2401 2400 2382 2221 2222 2402 2403 2222 2223 
2403 2384 2404 2405 2427 2389 2410 2409 2562 
2226 2225 2419 2229 2422 2421 2441 2439 2403 
2404 2425 2426 2572 2428 2589 2444 2428 2426 
2427 2404 2429 2406 2430 2407 2560 2415 2433 
2431 2447 2445 2458 2457 2465 2464 2471 2470 
2436 2232 2437 2228 2438 2443 2442 2423 2441 
2422 2423 2424 2443 2571 2586 2587 2607 2608 
2783 2784 2787 2611 2629 2628 2646 2648 2666 
2667 2683 2685 2697 2699 2710 2427 2444 2428 
2433 2448 2447 2459 2458 2465 2449 2237 2450 
2233 2451 2445 2457 2454 2464 2462 2470 2468 
2450 2461 2449 2460 2454 2462 2455 2463 2640 
2658 2639 2657 2638 2656 2637 2655 2636 2654 
2635 2653 2634 2652 2633 2651 2632 2650 2631 
2243 2242 2465 2471 2243 2465 2459 2461 2467 
2460 2466 2462 2468 2463 2469 2658 2476 2675 
2475 2484 2482 2483 2489 2490 2466 2467 2472 
2641 2476 2474 2475 2482 2476 2469 2474 2468 
2474 2485 2482 2491 2489 2477 2478 2487 2479 
2477 2487 2486 2492 2257 2256 2492 2261 2496 
2257 2492 2487 2500 2498 2499 2504 2500 2495 
2498 2494 2501 2496 2504 2498 2507 2501 2269 
2267 2509 2270 2273 2512 2510 2511 2515 2505 
2510 2512 2507 2513 2504 2510 2518 2515 2277 
2514 2519 2742 2749 2750 2523 2515 2279 2520 
2285 2284 2523 2524 2283 2286 2523 2283 2519 
2277 2528 2526 2527 2293 2521 2526 2528 2288 
2525 2529 2755 2761 2762 2767 2884 2885 2878 
2879 2870 2871 2861 2872 2862 2912 2863 2908 
2852 2905 2841 2842 2828 2829 2288 2529 2532 
2761 2767 2301 2538 2539 2304 2540 2541 2542 
2547 2778 2779 2901 2902 2946 2947 2943 2944 
2935 2945 2304 2541 2309 2547 2543 2311 2549 
2548 2781 2543 2549 2544 2776 2346 2347 2550 
2349 2552 2393 2394 2556 2553 2557 2558 2568 
2569 2583 2584 2601 2432 2446 2553 2554 2558 
2559 2569 2570 2584 2416 2432 2410 2563 2562 
2577 2556 2557 2567 2568 2582 2583 2600 2601 
2396 2414 2570 2416 2396 2570 2559 2429 2430 
2573 2560 2574 2575 2592 2593 2615 2616 2563 
2578 2577 2595 2565 2566 2580 2581 2598 2599 
2621 2622 2443 2586 2442 2607 2571 2588 2587 
2608 2573 2574 2591 2592 2614 2615 2573 2591 
2590 2613 2578 2596 2595 2618 2450 2451 2602 
2585 2603 2604 2625 2626 2643 2644 2663 2788 
2792 2793 2799 2800 2809 2810 2820 2821 2834 
2835 2846 2847 2857 2858 2868 2738 2746 2745 
2440 2452 2604 2605 2626 2627 2645 2785 2788 
2789 2794 2795 2801 2802 2811 2812 2822 2823 
2836 2837 2848 2720 2729 2728 2737 2739 2747 
2440 2604 2585 2452 2453 2605 2606 2627 2782 
2785 2786 2790 2791 2796 2647 2665 2664 2681 
2588 2609 2608 2784 2611 2609 2610 2588 2614 
2613 2591 2619 2618 2596 2461 2602 2623 2624 
2642 2643 2661 2662 2680 2792 2797 2798 2807 
2808 2818 2819 2830 2831 2904 2833 2450 2602 
2461 2602 2603 2624 2625 2643 2611 2610 2628 
2630 2648 2649 2667 2668 2685 2686 2699 2467 
2623 2641 2642 2661 2461 2623 2467 2626 2645 
2644 2788 2643 2663 2662 2792 2650 2651 2669 
2670 2687 2688 2701 2702 2713 2714 2725 2715 
2651 2652 2670 2671 2688 2689 2702 2703 2714 
2715 2652 2653 2671 2672 2689 2690 2703 2704 
2715 2490 2653 2654 2672 2673 2690 2691 2704 
2483 2490 2654 2655 2673 2674 2691 2675 2484 
2655 2656 2674 2675 2656 2657 2675 2658 2473 
2659 2480 2676 2676 2659 2677 2678 2693 2694 
2707 2805 2815 2816 2660 2678 2659 2661 2680 
2679 2797 2684 2682 2683 2666 2484 2483 2691 
2677 2693 2676 2692 2678 2695 2694 2805 2684 
2683 2696 2697 2692 2693 2706 2707 2718 2815 
2825 2692 2706 2705 2716 2708 2709 2698 2824 
2814 2813 2804 2803 2681 2665 2700 2712 2711 
2723 2722 2732 2731 2741 2740 2748 2718 2717 
2706 2716 2708 2719 2709 2720 2837 2708 2721 
2719 2730 2728 2739 2712 2724 2723 2733 2732 
2741 2717 2727 2716 2726 2728 2720 2719 2734 
2726 2735 2736 2744 2849 2859 2860 2726 2727 
2736 2838 2849 2737 2738 2729 2858 2848 2847 
2836 2835 2822 2821 2811 2810 2801 2800 2794 
2793 2788 2514 2734 2742 2735 2743 2744 2859 
2738 2737 2745 2747 2517 2516 2748 2522 2753 
2517 2748 2741 2742 2743 2750 2859 2519 2749 
2523 2525 2754 2755 2756 2762 2878 2884 2759 
2757 2758 2763 2752 2757 2759 2753 2760 2751 
2763 2536 2535 2775 2774 2773 2540 2540 2774 
2542 2778 2770 2769 2546 2774 2775 2778 2896 
2901 2897 2946 2941 2943 2942 2936 2951 2929 
2949 2547 2779 2780 2902 2549 2781 2776 2898 
2891 2892 2609 2611 2784 2785 2790 2789 2795 
2790 2796 2795 2802 2792 2799 2798 2808 2665 
2803 2796 2802 2797 2807 2806 2817 2799 2809 
2808 2819 2802 2803 2812 2813 2823 2824 2837 
2709 2818 2817 2807 2809 2820 2819 2832 2831 
2833 2718 2825 2717 2727 2820 2834 2832 2845 
2843 2854 2825 2838 2727 2826 2827 2840 2828 
2841 2826 2840 2839 2851 2850 2861 2843 2833 
2832 2834 2846 2845 2856 2854 2866 2864 2875 
2873 2881 2880 2882 2841 2852 2840 2851 2846 
2857 2856 2867 2866 2876 2875 2883 2881 2886 
2882 2887 2863 2862 2851 2861 2852 2863 2851 
2857 2868 2867 2877 2876 2883 2868 2746 2877 
2754 2869 2756 2878 2878 2869 2870 2765 2764 
2886 2771 2765 2886 2883 2768 2888 2889 2890 
2894 2939 2895 2941 2897 2768 2889 2772 2894 
2773 2895 2775 2896 2895 2897 2896 2900 2898 
2899 2781 2892 2898 2900 2829 2903 2842 2905 
2905 2903 2906 2907 2910 2911 2916 2855 2865 
2905 2906 2909 2910 2915 2916 2922 2865 2874 
2905 2909 2908 2914 2913 2920 2919 2926 2925 
2844 2853 2911 2855 2844 2911 2907 2908 2913 
2912 2919 2918 2924 2917 2923 2879 2885 2909 
2915 2914 2921 2920 2928 2927 2871 2872 2917 
2912 2918 2915 2922 2921 2930 2928 2937 2871 
2917 2879 2925 2924 2919 2927 2926 2920 2874 
2931 2922 2930 2929 2935 2936 2943 2931 2938 
2930 2937 2888 2932 2890 2939 2932 2933 2939 
2941 2934 2940 2933 2941 2941 2940 2942 2950 
2951 2948 2949 2945 2947 2944 2948 2950 2934 
2940 
POINT_DATA 2952
NORMALS normals float
0.643658 0.643658 -0.414016 0.624632 0.671201 -0.399155 0.670758 0.62422 -0.40054 
0.196716 0.8231 -0.532737 0.156695 0.897279 -0.41272 -0.142906 0.830887 -0.537777 
-0.126436 0.902713 -0.411245 -0.453199 0.786431 -0.419686 -0.441626 0.811881 -0.381859 
-0.486284 0.794547 -0.363625 0.836976 0.0775447 -0.541718 0.903856 0.0675731 -0.422466 
0.326856 0.248739 -0.911753 -0.0803904 0.33637 -0.938293 -0.261526 0.498462 -0.826523 
-0.502611 0.786259 -0.359415 -0.420828 0.731907 -0.535925 -0.59457 0.722012 -0.353814 
0.782601 -0.412969 -0.465825 0.828388 -0.358389 -0.4305 0.458696 -0.386669 -0.800053 
0.0850553 -0.0850553 -0.992739 -0 0 -1 -0.337354 0.0253205 -0.941037 
-0.600818 0.715925 -0.355624 -0.807385 0.0738608 -0.585384 -0.854719 0.100951 -0.50918 
0.759424 -0.46922 -0.450675 0.674641 -0.565454 -0.474469 0.630057 -0.573494 -0.523576 
0.345383 -0.330819 -0.878219 -0.174334 -0.428483 -0.886572 -0.390625 -0.683252 -0.61691 
-0.639609 -0.582189 -0.501953 -0.678056 -0.529732 -0.509533 0.693854 -0.519359 -0.498832 
0.666092 -0.489906 -0.562418 0.446323 -0.492548 -0.747122 -0.451907 -0.658805 -0.601461 
-0.483498 -0.714229 -0.50607 -0.472415 -0.73169 -0.49138 -0.603888 -0.612843 -0.509649 
0.208247 -0.511835 -0.833462 0.388971 -0.419558 -0.820166 -0.179644 -0.607854 -0.773461 
-0.543777 -0.623542 -0.561696 -0.0574178 -0.550514 -0.832849 0.422433 0.875501 -0.234625 
0.413743 0.886532 -0.207068 0.494983 0.841317 -0.217206 0.104025 0.954908 -0.278082 
0.0859544 0.973193 -0.213325 -0.125756 0.958591 -0.255518 -0.144525 0.971701 -0.186842 
-0.392043 0.897602 -0.201525 -0.382248 0.906939 -0.177053 -0.443245 0.87744 -0.183393 
0.838627 0.461366 -0.289562 0.772283 0.581788 -0.25515 0.849525 0.45119 -0.273377 
-0.56476 0.786398 -0.25025 -0.586 0.786847 -0.193586 -0.488632 0.845185 -0.216567 
0.940811 0.0840601 -0.328342 0.947797 0.103091 -0.301751 -0.595192 0.722433 -0.351905 
-0.442635 0.868622 -0.222643 -0.567838 0.722772 -0.393904 -0.359287 0.877619 -0.317328 
-0.689756 0.612096 -0.386749 -0.665931 0.645096 -0.374682 -0.706415 0.600733 -0.374297 
0.927671 -0.109028 -0.357128 0.946564 -0.034719 -0.320642 -0.850766 0.160582 -0.50041 
-0.863646 0.174617 -0.47289 -0.893969 0.182605 -0.409237 0.887661 -0.116808 -0.445437 
0.928185 -0.0408695 -0.369868 0.712279 -0.518363 -0.473243 -0.780292 -0.230477 -0.5814 
-0.851243 -0.115734 -0.51185 -0.881915 -0.0519775 -0.468534 0.850498 -0.0402209 -0.524438 
0.913596 -0.0142354 -0.406374 0.640648 -0.334121 -0.691327 0.716689 -0.462636 -0.521848 
-0.486927 -0.72446 -0.487914 -0.383486 -0.679946 -0.62499 -0.560792 -0.502086 -0.658348 
-0.757844 -0.432812 -0.488207 -0.78684 -0.370529 -0.49355 0.839309 -0.0215256 -0.543228 
0.91068 -0.0365988 -0.411489 0.582689 0 -0.812696 0.722171 -0.0712261 -0.688038 
-0.584797 -0.57301 -0.574171 -0.495627 -0.431995 -0.753482 -0.444562 -0.435026 -0.783018 
-0.616421 -0.598022 -0.512245 -0.638918 -0.59469 -0.487984 -0.718546 -0.501591 -0.481766 
0.859052 -0.178035 -0.479931 0.905894 -0.196645 -0.375082 0.650439 0.084681 -0.754824 
0.595128 0.135758 -0.792081 -0.205877 -0.543933 -0.813481 -0.572231 -0.386171 -0.72348 
-0.473641 -0.148747 -0.868066 -0.698857 -0.336807 -0.630999 -0.731276 -0.473343 -0.491102 
-0.689278 -0.549529 -0.472137 0.835237 -0.445129 -0.322861 0.842271 -0.443087 -0.307007 
0.715521 -0.351505 -0.603716 0.251877 -0.523299 -0.814074 -0.325426 -0.682611 -0.654324 
-0.373286 -0.500104 -0.781379 -0.495627 -0.431995 -0.753482 -0.727077 -0.495948 -0.474758 
-0.73803 -0.491983 -0.461807 0.825924 -0.472158 -0.308085 0.598456 -0.729392 -0.331416 
0.535122 -0.756921 -0.37512 0.120265 -0.882906 -0.453887 -0.0874806 -0.869385 -0.486331 
-0.159708 -0.834452 -0.527431 -0.438028 -0.766686 -0.469387 -0.528409 -0.724776 -0.442136 
-0.705845 -0.552097 -0.443815 0.514852 -0.781055 -0.353384 0.150043 -0.893413 -0.423438 
-0.0549214 -0.891869 -0.448947 -0.127087 -0.89261 -0.432547 -0.385437 -0.810632 -0.440811 
0.595955 0.794969 -0.113409 0.563334 0.822068 -0.0828231 0.604045 0.792469 -0.0843944 
0.325608 0.944079 -0.0519046 0.0248257 0.999092 -0.0346253 -0.201878 0.978996 -0.0285049 
-0.322014 0.946641 -0.0133702 -0.510961 0.85914 -0.0282328 0.880599 0.457455 -0.123613 
0.866747 0.486747 -0.108754 0.882496 0.45733 -0.109773 -0.515615 0.856312 -0.0295291 
-0.409485 0.88974 -0.201702 -0.35257 0.928409 -0.117262 -0.235076 0.946887 -0.21942 
-0.205991 0.965145 -0.161438 -0.464963 0.86743 -0.17713 -0.460192 0.872307 -0.165237 
-0.490117 0.855658 -0.166235 0.97273 0.121146 -0.197787 0.985132 0.121255 -0.121706 
-0.821701 0.533663 -0.20003 -0.801917 0.568736 -0.182947 -0.818803 0.543058 -0.186146 
0.979635 0 -0.200788 0.992455 0 -0.122611 -0.90766 0.268488 -0.322595 
-0.875333 0.427481 -0.225946 0.978925 0 -0.204219 0.992455 0 -0.122611 
-0.896329 0.0798684 -0.436138 -0.910795 0.352189 -0.215441 -0.913752 0.33954 -0.223093 
-0.916875 0.337139 -0.213723 0.978588 0 -0.205828 0.992455 0 -0.122611 
-0.836008 -0.129833 -0.533135 -0.955973 0.100293 -0.275785 -0.97428 0.0921878 -0.205622 
0.974363 -0.0717886 -0.213223 0.988251 -0.0744844 -0.133459 -0.630057 -0.573494 -0.523576 
-0.669969 -0.281921 -0.686777 -0.944631 -0.149806 -0.291942 -0.96727 -0.138827 -0.212403 
0.937627 -0.288158 -0.194473 0.941915 -0.292995 -0.164164 -0.712742 -0.511447 -0.480022 
-0.479005 -0.527681 -0.701503 -0.581691 -0.515663 -0.629069 -0.845338 -0.49303 -0.205729 
-0.875061 -0.440429 -0.200725 0.915164 -0.364579 -0.171923 0.875531 -0.450924 -0.173533 
-0.700018 -0.503026 -0.506892 -0.503195 -0.660983 -0.556683 -0.647802 -0.687683 -0.327787 
-0.666093 -0.683246 -0.299158 0.796008 -0.564159 -0.219306 0.833286 -0.517326 -0.194957 
-0.657857 -0.618145 -0.430256 -0.671539 -0.596769 -0.439205 -0.614084 -0.658158 -0.435579 
-0.560877 -0.689584 -0.458139 -0.653716 -0.685072 -0.321454 0.801457 -0.551817 -0.230577 
0.556411 -0.763451 -0.327949 0.699976 -0.648171 -0.299848 0.203348 -0.875565 -0.438218 
-0.0817291 -0.887063 -0.454356 -0.117488 -0.919552 -0.374995 -0.168288 -0.896028 -0.410868 
-0.547841 -0.669378 -0.5018 -0.668757 -0.567542 -0.480271 -0.692564 -0.558452 -0.456603 
0.613662 -0.706899 -0.351729 0.449417 -0.785262 -0.425897 0.315963 -0.830867 -0.458068 
-0.253302 -0.841936 -0.476425 -0.263674 -0.842245 -0.470212 -0.233571 -0.862788 -0.448377 
0.0325482 -0.878045 -0.47747 -0.27192 -0.775489 -0.569804 0.315177 -0.830728 -0.458863 
-0.222749 -0.842069 -0.491226 0.547575 0.832062 0.0885065 0.593845 0.79958 0.0895484 
0.254183 0.96446 0.072171 0 0.998676 0.0514419 -0.219025 0.975652 0.0114473 
-0.391028 0.919717 0.0349072 -0.406656 0.913006 0.0324122 0.866747 0.486747 0.108754 
0.882496 0.45733 0.109773 -0.372243 0.928 0.0158202 -0.158737 0.985323 -0.0627819 
-0.11819 0.989065 -0.0882093 -0.375566 0.920861 -0.104719 -0.56556 0.814169 -0.131421 
0.985132 0.121255 0.121706 -0.690811 0.70826 -0.145424 -0.82052 0.550502 -0.153928 
0.992455 0 0.122611 -0.931596 0.349443 -0.10009 -0.931812 0.348652 -0.100837 
-0.93418 0.343016 -0.0982204 0.992977 0 0.118304 -0.987645 0.154398 -0.0268164 
0.993471 0.0342816 0.108809 -0.999393 0.0344859 -0.00497171 0.99525 0.0720463 0.0654748 
-0.994006 -0.109218 -0.00494491 0.996749 -0.0684882 -0.0424388 -0.878898 -0.457482 -0.135085 
-0.927297 -0.373891 -0.0180609 0.903437 -0.396714 -0.162541 0.934553 -0.321101 -0.153313 
-0.901805 -0.418571 -0.107452 -0.919333 -0.392622 -0.0259602 0.917565 -0.348845 -0.190739 
0.912105 -0.349537 -0.214217 -0.606883 -0.659224 -0.443978 -0.877753 -0.374154 -0.299264 
-0.946056 -0.22203 -0.235969 0.823991 -0.489862 -0.284735 0.91942 -0.265466 -0.290163 
-0.70064 -0.515423 -0.4934 -0.643568 -0.420621 -0.639452 -0.902846 -0.146707 -0.40416 
-0.939832 -0.0609051 -0.336165 0.780159 -0.503507 -0.371259 0.825892 -0.427301 -0.367853 
0.619339 -0.684012 -0.385417 -0.262408 -0.829185 -0.493553 0.0919295 -0.849246 -0.519933 
-0.215262 -0.783105 -0.583445 -0.595976 -0.419959 -0.684432 -0.604224 -0.39341 -0.692922 
-0.829253 -0.34132 -0.442539 -0.866474 -0.279313 -0.413772 0.751339 -0.542459 -0.375804 
0.656707 -0.645801 -0.389457 0.611306 -0.680177 -0.404555 0.329995 -0.807612 -0.48874 
-0.0780499 -0.819145 -0.568251 -0.148728 -0.637032 -0.756353 0.0852946 -0.59383 -0.800057 
-0.0575429 -0.71259 -0.699217 -0.456222 -0.577034 -0.677416 -0.631849 -0.596126 -0.49538 
-0.675778 -0.57075 -0.466442 -0.800687 -0.406207 -0.440337 0.614708 -0.684578 -0.391774 
0.492697 -0.766352 -0.412255 0.405852 -0.803828 -0.434908 0.167464 -0.8449 -0.508036 
0.138548 -0.757497 -0.637968 -0 -0.664761 -0.747056 -0.258103 -0.761747 -0.594242 
-0.475465 -0.73956 -0.476428 -0.521936 -0.711706 -0.470168 -0.607801 -0.635764 -0.475797 
0.389925 -0.821205 -0.416631 0.212944 -0.862854 -0.458408 0.256916 -0.823094 -0.506469 
0.0249983 -0.851965 -0.523002 -0 -0.850091 -0.526636 -0.0277532 -0.849978 -0.526086 
-0.3261 -0.790422 -0.518549 -0.456097 -0.746789 -0.484027 0.00251278 -0.850259 -0.526359 
0.588313 0.799699 0.119875 0.575706 0.795085 0.190797 0.523518 0.835197 0.168449 
0.223164 0.97475 0.00777901 -0.0979618 0.988641 -0.113985 -0.367943 0.917602 -0.150413 
-0.307021 0.935753 -0.173507 0.879405 0.459591 0.12419 0.816974 0.476735 0.324463 
0.773646 0.552558 0.310083 -0.227311 0.954529 -0.192886 -0.0581309 0.967922 -0.244433 
-0.0760728 0.969717 -0.232083 -0.22492 0.952434 -0.205622 -0.617209 0.766174 -0.178969 
-0.523845 0.821522 -0.225138 -0.648276 0.7254 -0.231372 0.971356 0.124118 0.20264 
0.9252 0.155739 0.34605 -0.889369 0.395189 -0.229887 -0.859789 0.441614 -0.256396 
-0.896917 0.350959 -0.269014 0.979605 0.00785402 0.200782 0.949422 0.0688755 0.306357 
-0.966872 0.00096595 -0.255259 0.983138 0.0255917 0.181065 0.964497 0.107148 0.241382 
-0.983199 -0.0544478 -0.174226 0.984552 0.107475 0.138225 0.970949 0.192336 0.142354 
-0.987396 0 -0.158267 0.936838 0.340916 0.0781719 0.918015 0.389179 0.0760755 
-0.986159 -0.0500445 -0.158069 0.915987 0.396574 0.0607958 0.929759 0.366257 -0.0374623 
-0.971793 -0.159088 -0.174099 0.976557 0.11467 -0.182175 -0.956224 -0.146741 -0.253185 
-0.969888 -0.159001 -0.184488 0.925868 -0.298072 -0.232208 0.9543 -0.0266193 -0.297662 
-0.951829 0.0508053 -0.302391 0.940787 -0.139793 -0.308834 0.927098 -0.00359396 -0.374801 
-0.910254 0.277824 -0.307004 0.907746 -0.205034 -0.366003 0.902377 -0.110682 -0.416491 
-0.907953 0.279229 -0.312495 -0.921036 0.182853 -0.343885 -0.900333 0.243706 -0.360565 
0.790367 -0.460079 -0.404534 0.809991 -0.407104 -0.422115 0.686587 -0.61342 -0.390275 
-0.724786 -0.492739 -0.481553 -0.881713 -0.0162532 -0.471506 -0.889812 0.0872387 -0.447912 
0.747529 -0.51379 -0.420975 0.668097 -0.614717 -0.419249 0.649231 -0.649231 -0.39623 
0.602846 -0.693629 -0.394278 -0.55994 -0.652029 -0.511201 -0.555825 -0.499721 -0.664333 
-0.803312 -0.224189 -0.551751 -0.856056 -0.123428 -0.501931 0.62575 -0.652918 -0.426773 
0.547617 -0.720218 -0.425912 0.502259 -0.765849 -0.401512 0.329477 -0.858238 -0.393539 
0.26535 -0.854528 -0.446511 0.290704 -0.824673 -0.485186 -0.338095 -0.780587 -0.525714 
-0.367588 -0.711324 -0.599081 -0.379503 -0.639823 -0.668284 -0.417389 -0.695062 -0.585385 
-0.639609 -0.582189 -0.501953 -0.678056 -0.529732 -0.509533 0.47129 -0.763996 -0.440677 
0.40632 -0.802722 -0.43651 0.428563 -0.786031 -0.445521 0.425245 -0.787708 -0.445739 
0.349693 -0.801522 -0.485054 0.159282 -0.804506 -0.572188 -0.142753 -0.67275 -0.725968 
-0.398318 -0.590888 -0.701566 -0.551869 -0.664524 -0.503833 -0.506263 -0.731926 -0.45605 
-0.455943 -0.758004 -0.466418 -0.597463 -0.623533 -0.504227 0.41363 -0.780224 -0.469213 
0.401615 -0.797507 -0.450209 0.384626 -0.81203 -0.438942 0.348719 -0.822179 -0.449908 
-0 -0.851187 -0.524863 -0.432176 -0.778052 -0.455915 -0.496087 -0.761495 -0.417161 
-0.576898 -0.692555 -0.433078 0.307752 -0.854865 -0.417726 -0 -0.913688 -0.406416 
-0.387937 -0.825243 -0.410462 0.265141 0.947385 -0.179338 0.341654 0.922728 -0.178452 
0.430303 0.889676 -0.152696 -0.0361895 0.95485 -0.294876 0.0391838 0.9639 -0.263365 
-0.0852996 0.941635 -0.325648 -0.0779395 0.959105 -0.27211 -0.116267 0.943146 -0.311379 
-0.115142 0.959795 -0.255998 -0.333668 0.901134 -0.276809 -0.332393 0.903968 -0.268992 
-0.345991 0.898827 -0.269073 0.633642 0.754918 0.169107 0.800538 0.595086 0.070789 
0.644914 0.762618 -0.049996 -0.225752 0.94655 -0.230389 -0.0665766 0.950853 -0.302401 
-0.108866 0.950821 -0.28998 -0.401903 0.882929 -0.242716 -0.246787 0.936527 -0.249023 
-0.454888 0.863884 -0.216289 -0.463694 0.862997 -0.200561 -0.509968 0.83495 -0.20686 
0.812556 0.481542 0.328435 0.912033 0.378958 0.156804 0.911368 0.380994 0.15573 
-0.71274 0.658666 -0.241164 -0.657982 0.721241 -0.216498 -0.702717 0.673008 -0.230757 
0.916053 0.215701 0.338111 0.928446 0.326634 0.17691 -0.764182 0.550307 -0.336434 
-0.711695 0.642261 -0.284589 -0.62316 0.711918 -0.323797 0.946924 0.204461 0.248053 
0.937867 0.310106 0.155692 -0.778726 0.247418 -0.576516 -0.485717 0.786345 -0.381761 
-0.411413 0.705724 -0.576795 -0.527381 0.752318 -0.394825 -0.521512 0.774949 -0.357042 
-0.567832 0.745925 -0.348083 0.89662 0.430641 0.103063 0.888459 0.450436 0.0880258 
-0.677811 0.0195156 -0.734977 -0.187866 0.258509 -0.947565 -0.402235 0.472816 -0.783998 
-0.655003 0.670459 -0.348506 -0.640345 0.640345 -0.424166 -0.662522 0.662522 -0.349471 
0.884047 0.460826 0.0780997 0.875303 0.480443 -0.0549395 -0.682333 0 -0.731041 
-0.111878 0 -0.993722 -0.0850553 0.0850553 -0.992739 -0.415263 0.415263 -0.809391 
-0.662522 0.662522 -0.349471 -0.640345 0.640345 -0.424166 -0.66925 0.653821 -0.35302 
0.849858 0.51525 -0.110725 -0.682093 -0.0265086 -0.730784 -0.111878 0 -0.993722 
-0 0 -1 -0.0853646 0 -0.99635 -0.506996 0.19032 -0.840674 
-0.796707 0.46192 -0.389729 -0.81517 0.368498 -0.446886 -0.830883 0.374382 -0.411669 
0.84245 0.526951 -0.11225 0.783097 0.601749 -0.157026 -0.621265 -0.0832392 -0.779167 
-0.0853647 0 -0.99635 -0.0853646 0 -0.99635 -0.265664 -0.265664 -0.926739 
-0.424339 -0.608958 -0.670154 -0.721321 -0.451669 -0.525063 -0.761992 -0.392204 -0.51531 
0.905863 0.352072 -0.235497 0.811566 0.540663 -0.221459 0.820979 0.491937 -0.289812 
-0.942046 -0.147268 -0.301434 -0.482255 -0.154887 -0.86223 -0.0264387 -0.183879 -0.982593 
-0.262301 -0.0823757 -0.961464 -0.692943 -0.217619 -0.687367 -0.667403 -0.534033 -0.519021 
-0.614415 -0.599406 -0.513037 -0.690151 -0.499467 -0.523664 0.93096 0.145373 -0.334934 
0.806078 0.428685 -0.408005 -0.928019 0.0614308 -0.367433 -0.538161 -0.18678 -0.821886 
-0 -0.551949 -0.833878 -0.170548 -0.271529 -0.947199 -0.787022 0 -0.616925 
-0.837316 -0.0320755 -0.545778 0.813095 0.356622 -0.460105 0.79494 0.420591 -0.437234 
0.814491 0.33294 -0.475138 0.896639 0.0966451 -0.432086 -0.906638 0.282606 -0.313275 
-0.799235 0.0323296 -0.600149 -0.0538816 -0.546226 -0.835903 0.314018 -0.447068 -0.83757 
-0.618476 -0.0777474 -0.781948 -0.821961 0.151052 -0.549148 0.861952 0 -0.506989 
0.873144 0 -0.487462 0.876039 -0.0496564 -0.479676 -0.867164 0.231675 -0.440855 
-0.479868 0.158623 -0.862882 0.225126 -0.64635 -0.729075 -0.225325 -0.717481 -0.659128 
-0.729447 -0.337721 -0.594854 0.802162 -0.365797 -0.471942 0.808331 -0.337847 -0.482142 
0.823997 -0.287412 -0.488286 -0.868947 0.17031 -0.464678 -0.791221 0.230703 -0.566344 
-0.733055 -0.211948 -0.646304 -0.220541 -0.653758 -0.723852 -0.2274 -0.788439 -0.571537 
0.788662 -0.405196 -0.462416 0.777743 -0.422423 -0.465484 0.773414 -0.397852 -0.493503 
0.684966 -0.561775 -0.46393 -0.861873 -0.0135999 -0.506942 -0.866245 0.0413085 -0.497909 
-0.87248 -0.104611 -0.477321 0.728141 -0.499781 -0.469073 0.75068 -0.458481 -0.475683 
0.603043 -0.551662 -0.576201 0.590448 -0.643125 -0.487609 -0.782654 -0.239219 -0.574653 
-0.867005 -0.209387 -0.452173 -0.884633 -0.261753 -0.38589 0.700919 -0.536528 -0.469948 
0.646591 -0.589713 -0.4839 0.638556 -0.584472 -0.500639 0.518524 -0.518524 -0.679902 
0.374449 -0.698118 -0.610262 0.420075 -0.773959 -0.47384 -0.445321 -0.776256 -0.446224 
-0.341908 -0.769264 -0.539751 -0.580953 -0.597531 -0.552675 -0.792828 -0.549598 -0.263374 
-0.795726 -0.544864 -0.26447 0.712477 -0.511177 -0.480703 0.760831 -0.400083 -0.51095 
0.71734 -0.256755 -0.647688 0.326856 -0.248739 -0.911753 0.24134 -0.48268 -0.841887 
0.325159 -0.72331 -0.609175 0.401763 -0.795746 -0.453184 -0.554216 -0.754212 -0.352149 
-0.322046 -0.889845 -0.323206 -0.209175 -0.923373 -0.321915 -0.448332 -0.861024 -0.240075 
-0.497384 -0.83363 -0.240146 0.794854 -0.189966 -0.576299 0.826229 -0.197464 -0.527593 
0.33637 -0.0803904 -0.938293 -0.0841471 -0.168294 -0.982139 -0.179755 -0.605961 -0.774919 
-0.0806456 -0.88342 -0.46159 0.0186546 -0.955971 -0.292867 -0.0359764 -0.967596 -0.249927 
-0.255107 -0.943793 -0.210179 -0.381283 -0.913965 -0.138893 -0.467272 -0.873474 -0.136751 
-0.315302 -0.922948 -0.220798 -0.20386 -0.944804 -0.256487 0.743279 -0.443788 -0.500588 
0.763327 -0.393123 -0.512627 0.386669 -0.458696 -0.800053 -0.344522 -0.466932 -0.814419 
-0.637006 -0.621401 -0.456163 -0.620876 -0.687927 -0.375857 -0.410587 -0.83701 -0.361708 
-0.110958 -0.960358 -0.255737 -0.0597775 -0.977184 -0.203808 -0.240076 -0.957126 -0.162089 
0.699067 -0.51571 -0.495327 0.457748 -0.725438 -0.514011 0.338095 -0.780587 -0.525714 
-0.384231 -0.765761 -0.515729 -0.523926 -0.711784 -0.467831 -0.676871 -0.607883 -0.415118 
0.294079 -0.793458 -0.532862 -0.34085 -0.780455 -0.524129 0.413248 0.910572 0.00927533 
0.671927 0.740303 0.0215867 0.0496353 0.998766 0.00167788 -0.14964 0.988737 -0.00246424 
-0.0905602 0.995846 -0.00948016 -0.187598 0.981621 -0.0350249 -0.468766 0.876124 -0.112541 
-0.453645 0.888648 -0.0671656 -0.480335 0.874785 -0.0634863 0.736955 0.675259 0.0303727 
0.884387 0.461847 0.0675096 -0.486984 0.872001 -0.0496039 -0.58241 0.805937 -0.106136 
-0.560637 0.824608 -0.0755514 -0.583743 0.807825 -0.0816282 0.912919 0.378251 0.153315 
0.930378 0.354456 0.0935803 -0.664666 0.722409 -0.190643 -0.631577 0.763061 -0.137292 
-0.599124 0.784524 -0.159913 0.933192 0.347375 0.0921099 0.941615 0.32334 0.093874 
-0.519772 0.805147 -0.285614 -0.540474 0.821107 -0.183494 -0.547158 0.818768 -0.173891 
-0.552282 0.818534 -0.158074 -0.564842 0.810439 -0.155375 0.91233 0.407752 0.0373166 
-0.647326 0.731315 -0.214821 -0.633076 0.757856 -0.157699 -0.646244 0.740573 -0.184176 
0.734324 0.674948 -0.0722086 0.720928 0.687919 -0.0838498 0.718476 0.690312 -0.0852141 
-0.68033 0.689583 -0.248246 -0.669202 0.713191 -0.208633 -0.686127 0.694527 -0.216476 
0.776649 0.60305 -0.182064 0.706906 0.678765 -0.198903 0.749662 0.626115 -0.214446 
-0.697943 0.669342 -0.254672 -0.694176 0.685676 -0.219016 -0.70306 0.67565 -0.221819 
0.84586 0.519493 -0.121029 0.78312 0.560488 -0.269399 -0.81009 0.500811 -0.304864 
-0.7505 0.6114 -0.250878 -0.799368 0.538463 -0.266587 0.744517 0.63087 -0.2184 
0.749692 0.599987 -0.279246 0.601106 0.731486 -0.32187 -0.884298 0.0038321 -0.466908 
-0.944453 0.0920581 -0.315491 0.538076 0.726616 -0.427204 0.503505 0.763623 -0.404181 
0.575555 0.70807 -0.409114 0.671232 0.633568 -0.384759 0.559505 0.749793 -0.35322 
-0.639609 -0.582189 -0.501953 -0.51481 -0.631176 -0.580162 -0.780328 -0.360875 -0.510742 
-0.88614 -0.290962 -0.360689 0.787469 0.420515 -0.450621 0.744803 0.51685 -0.422059 
0.823634 0.384486 -0.416891 0.654038 0.490528 -0.575862 0.761451 0.479927 -0.435732 
-0.822882 -0.058509 -0.565192 -0.642435 -0.32661 -0.693255 -0.764927 -0.455614 -0.455305 
-0.806774 -0.424156 -0.411348 0.862783 0.111501 -0.493126 0.90001 0.110257 -0.421695 
0.801447 0.220398 -0.555974 -0.84297 0.208412 -0.49595 -0.858384 -0.0666273 -0.508663 
-0.838589 -0.336363 -0.42852 -0.797419 -0.434292 -0.418944 0.871765 0 -0.489924 
0.896978 0 -0.442076 0.861952 0 -0.506989 -0.794042 -0.239052 -0.558884 
-0.901529 -0.149956 -0.405904 -0.904708 -0.220276 -0.364666 0.862783 -0.111501 -0.493126 
0.90001 -0.110257 -0.421695 0.801447 -0.220398 -0.555974 -0.561156 -0.533332 -0.632978 
-0.21796 -0.81532 -0.536421 -0.463814 -0.713425 -0.525264 -0.782859 -0.503443 -0.36562 
-0.808049 -0.479747 -0.341907 0.809994 -0.359262 -0.46351 0.843589 -0.323079 -0.428927 
0.702689 -0.351344 -0.618697 0.767294 -0.425422 -0.479871 -0.808153 -0.327789 -0.489329 
-0.45811 -0.730362 -0.506662 -0.517053 -0.760079 -0.393619 -0.57047 -0.737944 -0.360559 
-0.758237 -0.559021 -0.335518 0.815221 -0.366553 -0.448389 0.811886 -0.335029 -0.478119 
0.784692 -0.228439 -0.576259 0.768558 -0.301264 -0.56441 -0.806639 -0.490466 -0.329814 
-0.628148 -0.682012 -0.374553 -0.544234 -0.724646 -0.422727 -0.535248 -0.752957 -0.382839 
0.822882 -0.058509 -0.565192 0.855195 -0.0953392 -0.509463 0.626723 -0.214733 -0.749071 
0.630057 -0.573494 -0.523576 -0.792754 -0.55111 -0.26042 -0.662606 -0.727769 -0.176934 
-0.683669 -0.684231 -0.253821 0.809596 0 -0.586987 0.846942 0 -0.531685 
0.404689 -0.078062 -0.911116 0.458696 -0.386669 -0.800053 0.743279 -0.443788 -0.500588 
-0.492477 -0.845055 -0.208202 -0.558273 -0.827774 -0.055866 -0.655745 -0.75085 -0.0788868 
0.809596 0 -0.586987 0.842824 0 -0.53819 0.337462 0 -0.941339 
0.33637 -0.0803904 -0.938293 0.794854 -0.189966 -0.576299 -0.471874 -0.881239 -0.0274455 
-0.454578 -0.890474 -0.0203545 -0.187294 -0.980032 -0.0667686 -0.145973 -0.985927 -0.0814912 
-0.447781 -0.892342 -0.0567256 0.809596 0 -0.586987 0.842824 0 -0.53819 
0.337462 0 -0.941339 0.263195 0 -0.964743 0.72606 -0.207549 -0.655561 
-0.619348 -0.721107 -0.310503 -0.538512 -0.763146 -0.357229 -0.517122 -0.778919 -0.354781 
-0.362889 -0.897425 -0.250878 -0.45359 -0.887086 -0.0856431 0.809596 0 -0.586987 
0.842824 0 -0.53819 0.337462 0 -0.941339 0.0853646 0 -0.99635 
0.421339 -0.249912 -0.87179 0.594072 -0.594072 -0.542363 -0.750353 -0.513414 -0.416386 
-0.838071 -0.0809553 -0.539521 -0.813195 0.0540905 -0.579472 0.802558 -0.13157 -0.581885 
0.838581 -0.100208 -0.535481 0.33637 -0.0803904 -0.938293 -0 0 -1 
0.0850553 -0.0850553 -0.992739 0.249912 -0.421339 -0.87179 0.14402 -0.734484 -0.663167 
-0.1952 -0.727944 -0.657262 -0.479413 -0.239706 -0.844218 -0.307417 0.551466 -0.775487 
-0.539348 0.585624 -0.605102 -0.346603 0.738236 -0.578683 -0.774305 0.5286 -0.347899 
0.743279 -0.443788 -0.500588 0.763327 -0.393123 -0.512627 0.458696 -0.386669 -0.800053 
0.0850553 -0.0850553 -0.992739 -0 0 -1 -0 -0.0853646 -0.99635 
-0 -0.263195 -0.964743 -0 -0.263195 -0.964743 -0 0 -1 
0 0.263195 -0.964743 -0.405373 0.308491 -0.860526 -0.832815 0.446016 -0.327855 
-0.921453 0.156072 -0.355761 -0.952228 0.134777 -0.27404 0.711067 -0.507104 -0.487061 
0.64391 -0.586103 -0.491796 0.630057 -0.573494 -0.523576 0.421339 -0.249912 -0.87179 
0.0853646 0 -0.99635 -0 0 -1 -0 0 -1 
-0 0 -1 -0 0 -1 -0 0 -1 
-0.428004 -0.0778437 -0.900418 -0.932293 -0.108317 -0.345105 -0.960337 -0.0963303 -0.261673 
0.711067 -0.507104 -0.487061 0.763327 -0.393123 -0.512627 0.72606 -0.207549 -0.655561 
0.263195 0 -0.964743 -0 0 -1 -0 0 -1 
-0 0 -1 -0 0 -1 -0.0853646 0 -0.99635 
-0.568448 -0.23352 -0.788882 -0.908327 -0.327107 -0.260661 -0.913615 -0.321678 -0.248659 
0.809596 0 -0.586987 0.842824 0 -0.53819 0.337462 0 -0.941339 
-0 0 -1 -0 0 -1 -0 0 -1 
-0 0 -1 -0.262301 -0.0823757 -0.961464 -0.751147 -0.339933 -0.565883 
-0.86037 -0.392331 -0.32533 -0.908225 -0.334419 -0.251576 0.734484 0.14402 -0.663167 
0.803101 0.253268 -0.539337 0.263195 0 -0.964743 -0 0 -1 
-0 0 -1 -0 -0.0853646 -0.99635 -0.0823757 -0.262301 -0.961464 
-0.466306 -0.443301 -0.765535 -0.780559 -0.501919 -0.372566 -0.805936 -0.494061 -0.326145 
0.842027 0 -0.539436 0.842592 0.0234653 -0.538042 0.840421 0 -0.541935 
0.628084 0 -0.778145 0.168893 0 -0.985634 -0 0 -1 
-0.0850553 -0.0850553 -0.992739 -0.249912 -0.421339 -0.87179 -0.33144 -0.710337 -0.620943 
-0.518702 -0.738949 -0.430002 -0.60105 -0.711499 -0.364017 -0.773651 -0.541405 -0.329158 
0.842592 -0.0234653 -0.538042 0.803101 -0.253268 -0.539337 0.734484 -0.14402 -0.663167 
0.263195 0 -0.964743 -0.0850553 -0.0850553 -0.992739 -0.395036 -0.419355 -0.817367 
-0.562609 -0.66287 -0.494039 -0.53111 -0.737529 -0.417101 -0.460196 -0.775286 -0.432611 
-0.503038 -0.771912 -0.388723 0.808106 -0.0606534 -0.585907 0.838581 -0.100208 -0.535481 
0.263195 0 -0.964743 -0.439401 -0.270993 -0.85644 -0.634113 -0.62867 -0.450194 
-0.628679 -0.676912 -0.382821 -0.588772 -0.701446 -0.401648 0.794854 -0.189966 -0.576299 
0.835538 -0.131201 -0.533538 0.0552384 -0.336947 -0.939902 -0.731907 -0.420828 -0.535925 
-0.770649 -0.524926 -0.36132 -0.696798 -0.618358 -0.363463 0.603752 -0.603752 -0.520545 
0.638945 -0.551642 -0.536135 -0.0724964 -0.815238 -0.574571 -0.695693 -0.629753 -0.345574 
-0.702 -0.623582 -0.344008 0.539197 -0.654856 -0.529556 -0.124939 -0.868048 -0.480504 
0.438095 0.85778 0.26886 0.475466 0.837887 0.268101 0.105796 0.947509 0.301717 
-0.0117561 0.967447 0.2528 0.0185351 0.98221 0.186869 -0.107861 0.981654 0.15723 
-0.415798 0.90022 0.129289 -0.432728 0.892467 0.127474 0.8034 0.542914 0.244525 
0.833227 0.496459 0.243436 -0.470229 0.872993 0.12949 -0.461548 0.880929 0.104583 
-0.473408 0.875669 0.0953328 0.919421 0.307477 0.2452 -0.51087 0.859238 0.0268562 
-0.548203 0.836188 -0.0162515 -0.54676 0.837219 -0.0108199 -0.548001 0.836408 -0.0108275 
0.9153 0.380595 0.131807 0.874276 0.433469 0.218508 -0.59656 0.802469 -0.0125943 
-0.590637 0.8067 -0.019558 0.821631 0.542183 0.175956 0.727903 0.677524 0.105447 
-0.557813 0.829229 -0.0349941 -0.608211 0.786375 -0.108141 -0.581906 0.809294 -0.0801842 
-0.606654 0.790804 -0.0812425 0.60959 0.79267 0.00860494 0.591381 0.806173 -0.018796 
-0.700541 0.700541 -0.135955 -0.697136 0.711506 -0.088089 -0.704413 0.704413 -0.0872108 
0.615912 0.787674 -0.0149277 0.703024 0.710744 -0.0245064 -0.707101 0.693669 -0.137228 
-0.704413 0.704413 -0.0872108 -0.711506 0.697136 -0.088089 0.562995 0.804623 -0.188727 
0.558816 0.815471 -0.150769 0.542296 0.824077 -0.163744 0.744738 0.617933 -0.252041 
0.695767 0.717568 -0.0317069 -0.843963 0.524267 -0.113451 -0.829716 0.552419 -0.0800282 
-0.860219 0.503798 -0.0788141 0.583787 0.788039 -0.195414 0.583563 0.78962 -0.189618 
0.589662 0.785198 -0.189114 0.443349 0.844373 -0.300793 0.497239 0.846164 -0.191728 
0.549345 0.766527 -0.332651 -0.962879 0.102923 -0.249543 -0.991386 0.110126 -0.0708985 
0.802267 0.556031 -0.217249 0.799153 0.563071 -0.210489 0.804759 0.554412 -0.212108 
0.656267 0.656267 -0.372327 -0.954572 -0.18833 -0.230921 -0.988321 -0.0835447 -0.127441 
0.904742 0.279475 -0.32146 0.910635 0.30917 -0.274149 -0.941984 -0.225578 -0.248556 
-0.970497 -0.15506 -0.184641 0.923364 0.124007 -0.363346 0.905186 0.266676 -0.330942 
-0.823692 -0.405623 -0.396234 -0.902801 -0.345598 -0.255954 -0.91149 -0.332646 -0.241934 
0.908314 0 -0.418289 0.909346 0.0712651 -0.409892 -0.893724 -0.29513 -0.33787 
-0.882725 -0.371106 -0.288232 -0.902213 -0.349713 -0.252415 0.919552 -0.117488 -0.374995 
0.884533 -0.201323 -0.420796 -0.850831 -0.442703 -0.283022 -0.850667 -0.451435 -0.269392 
0.915106 -0.1527 -0.373182 0.901505 -0.118996 -0.416088 -0.698126 -0.655135 -0.288821 
-0.748397 -0.603069 -0.27606 -0.81181 -0.515615 -0.274055 0.883938 -0.0729565 -0.461879 
0.884854 0.0513667 -0.463029 0.813095 -0.356622 -0.460105 -0.567773 -0.724816 -0.390225 
-0.631514 -0.680846 -0.370997 -0.735756 -0.591884 -0.329145 -0.737676 -0.599212 -0.311094 
0.814269 0.133749 -0.564869 0.818584 0.319201 -0.477526 0.84551 -0.117761 -0.520812 
-0.490447 -0.855727 -0.164904 -0.274546 -0.924937 -0.262898 -0.544358 -0.775545 -0.319694 
-0.557741 -0.767651 -0.315652 0.790568 0.37515 -0.484009 0.806884 0.37387 -0.45734 
0.82411 0.346428 -0.448141 0.665167 0.205764 -0.717785 0.824294 0 -0.566162 
-0.527766 -0.849297 0.0126074 -0.495214 -0.868713 0.0100652 -0.230354 -0.970147 -0.0758378 
-0.147879 -0.969595 -0.194981 -0.534216 -0.785484 -0.312456 0.810541 0.129168 -0.571261 
0.865232 0.133938 -0.48315 0.581281 0.0694614 -0.810732 0.809596 0 -0.586987 
-0.476404 -0.869559 -0.13002 -0.450201 -0.883534 -0.129178 -0.15386 -0.976319 -0.152077 
-0.21078 -0.971966 -0.104186 -0.490838 -0.871251 0.00039607 0.809596 0 -0.586987 
0.859026 0.0137696 -0.511746 0.582689 0 -0.812696 0.809596 0 -0.586987 
-0.530707 -0.765082 -0.364691 -0.551093 -0.766056 -0.330838 -0.77737 -0.575486 -0.253991 
-0.74509 -0.635527 -0.202352 0.808106 0.0606534 -0.585907 0.851446 0.0964677 -0.515493 
0.582689 0 -0.812696 0.809596 0 -0.586987 -0.672701 0.36512 -0.643554 
-0.898103 0.102085 -0.427773 -0.940269 -0.117833 -0.319389 0.72606 0.207549 -0.655561 
0.783241 0.351205 -0.513019 0.533828 0 -0.845593 0.808106 -0.0606534 -0.585907 
-0.819746 0.476527 -0.317709 -0.987528 0.0335171 -0.153834 0.761149 0.397328 -0.512623 
0.776744 0.398621 -0.487616 0.786797 0.354193 -0.505468 0.48268 0.24134 -0.841887 
0.337462 0 -0.941339 0.72606 -0.207549 -0.655561 -0.996412 -0.0195198 -0.0823578 
0.802558 0.13157 -0.581885 0.855195 0.0953392 -0.509463 0.33637 0.0803904 -0.938293 
0.0853646 0 -0.99635 0.421339 -0.249912 -0.87179 0.630057 -0.573494 -0.523576 
-0.991298 -0.124472 -0.0428455 0.802558 -0.13157 -0.581885 0.855195 -0.0953392 -0.509463 
0.33637 -0.0803904 -0.938293 -0 0 -1 0.0850553 -0.0850553 -0.992739 
0.458696 -0.386669 -0.800053 0.743279 -0.443788 -0.500588 -0.976695 -0.214632 -0.000169459 
0.743279 -0.443788 -0.500588 0.777215 -0.382913 -0.499313 0.458696 -0.386669 -0.800053 
0.0850553 -0.0850553 -0.992739 -0 0 -1 0.337462 0 -0.941339 
0.809596 0 -0.586987 -0.950924 -0.304268 -0.0562544 -0.963926 -0.266057 -0.00779528 
0.711067 -0.507104 -0.487061 0.64391 -0.586103 -0.491796 0.630057 -0.573494 -0.523576 
0.421339 -0.249912 -0.87179 0.168893 0 -0.985634 0.4903 0.16816 -0.855177 
0.795105 0.284706 -0.535492 -0.900831 -0.432538 -0.0376129 -0.946118 -0.323504 -0.0143629 
0.711067 -0.507104 -0.487061 0.763327 -0.393123 -0.512627 0.72606 -0.207549 -0.655561 
0.417869 0 -0.908507 0.648642 0 -0.761094 -0.801395 -0.581052 -0.141934 
-0.836144 -0.544522 -0.0660188 0.808106 -0.0606534 -0.585907 0.838581 -0.100208 -0.535481 
0.405928 0 -0.913905 0.4903 -0.16816 -0.855177 0.795105 -0.284706 -0.535492 
-0.510276 -0.774555 -0.373742 -0.54245 -0.806071 -0.236636 -0.660982 -0.737679 -0.137598 
-0.798104 -0.597833 -0.0750001 0.808106 0.0606534 -0.585907 0.842781 0.0990088 -0.529072 
0.337462 0 -0.941339 0.33637 -0.0803904 -0.938293 0.802558 -0.13157 -0.581885 
-0.586475 -0.742184 -0.324361 -0.608864 -0.741464 -0.281986 -0.613934 -0.745769 -0.258676 
-0.596717 -0.781821 -0.180788 0.72606 0.207549 -0.655561 0.780112 0.380726 -0.496461 
0.263195 0 -0.964743 0.337462 0 -0.941339 0.808106 -0.0606534 -0.585907 
-0.746236 -0.603147 -0.281685 -0.632335 -0.713091 -0.302745 -0.589137 -0.745673 -0.311271 
-0.610192 -0.742991 -0.27501 0.663679 0.52554 -0.532295 0.74021 0.473664 -0.477213 
0.719167 0.510707 -0.471145 0.421339 0.249912 -0.87179 0.0853646 0 -0.99635 
0.263195 0 -0.964743 0.692943 -0.217619 -0.687367 -0.701605 -0.625174 -0.341918 
-0.787817 -0.555232 -0.266573 -0.77811 -0.567082 -0.270116 0.865525 0.0266343 -0.500158 
0.865425 0.0516775 -0.498366 0.866706 0.0297481 -0.497932 0.626397 -0.0732406 -0.776056 
0.1631 -0.259671 -0.951824 -0 -0.337462 -0.941339 0.0803904 -0.33637 -0.938293 
0.232173 -0.538648 -0.80991 0.124776 -0.808413 -0.575239 -0.255057 -0.874268 -0.413038 
-0.638507 -0.730211 -0.243104 -0.68327 -0.693653 -0.228009 0.863201 -0.00235651 -0.504854 
0.551744 -0.652972 -0.518851 0.462636 -0.716689 -0.521848 0.13157 -0.802558 -0.581885 
-0 -0.817389 -0.576087 -0.0219201 -0.832771 -0.553184 -0.0655683 -0.874027 -0.481433 
-0.199159 -0.911845 -0.35899 -0.435693 -0.869657 -0.232096 -0.464519 -0.856916 -0.22342 
-0.650966 -0.729854 -0.208701 0.402389 -0.757624 -0.513896 0.0817303 -0.856234 -0.510082 
-0.0405016 -0.872383 -0.487143 -0.0723644 -0.896244 -0.437618 -0.116345 -0.920626 -0.372708 
-0.219165 -0.933384 -0.284186 0.441395 0.850392 0.286363 0.134026 0.913524 0.384071 
0.0590906 0.944641 0.322741 0.0762882 0.965519 0.248903 -0.0937483 0.969978 0.224396 
-0.417041 0.897567 0.143001 0.816486 0.511687 0.267445 0.434402 0.773237 0.461952 
0.206595 0.8618 0.46327 0.374933 0.842846 0.386051 0.374004 0.855075 0.359122 
0.288583 0.900928 0.324112 -0.0567956 0.945606 0.320318 -0.411493 0.851494 0.32501 
-0.424783 0.87019 0.249656 -0.426023 0.846304 0.319803 -0.444688 0.88698 0.124577 
0.892232 0.326277 0.312194 0.704667 0.589179 0.395364 0.605127 0.676312 0.420028 
0.263401 0.874127 0.408071 0.382355 0.846982 0.369358 -0.35993 0.879367 0.311712 
-0.239945 0.935324 0.25999 -0.360643 0.914049 0.185611 -0.544538 0.838724 -0.00449499 
-0.416289 0.893987 0.165805 0.851562 0.428726 0.301722 0.832954 0.446123 0.327357 
-0.477217 0.867823 0.138374 -0.542024 0.832273 0.116328 -0.53587 0.837783 0.104707 
0.689737 0.696275 0.198654 0.651271 0.692286 0.310784 0.766491 0.548443 0.334219 
-0.49357 0.865663 0.0837655 -0.56942 0.817586 0.0855246 -0.598397 0.796564 0.0860597 
0.529645 0.808618 0.25615 0.551462 0.793521 0.257321 0.53763 0.786816 0.303109 
-0.697136 0.711506 0.088089 -0.704413 0.704413 0.0872108 0.730635 0.571132 0.37414 
0.716503 0.585985 0.378479 -0.709991 0.698703 0.0879014 -0.722078 0.686011 0.0893978 
0.262809 0.948049 0.17926 0.349285 0.927657 0.13211 0.259514 0.90579 0.334958 
-0.85315 0.508351 0.11711 -0.866922 0.483934 0.119394 0.548423 0.835795 0.0260417 
0.61107 0.791364 0.0183155 0.421397 0.902725 0.0866756 -0.969585 0.216418 0.114314 
0.712837 0.701322 -0.00322604 0.760684 0.64895 -0.0149354 -0.994438 0.0950237 0.0454296 
0.857893 0.500489 -0.116318 0.832366 0.548548 -0.0791321 0.843974 0.528716 -0.0903762 
-0.999979 -0 0.0065299 0.893115 0.358018 -0.272341 0.87015 0.470063 -0.14792 
-0.995049 -0.0950821 -0.0289252 0.932201 0.304595 -0.195509 0.918525 0.357006 -0.169878 
0.936709 0.305231 -0.171494 0.909982 0.0757259 -0.407675 -0.923126 -0.330227 -0.19695 
-0.971921 -0.21694 -0.0911366 0.956963 0.0457919 -0.286576 0.972531 0.0769163 -0.219697 
0.876526 -0.203199 -0.436363 -0.884179 -0.450358 -0.124116 -0.88828 -0.445813 -0.110493 
0.934081 0.0283508 -0.355935 0.955491 0.0727579 -0.285907 0.877975 -0.105575 -0.46692 
-0.806107 -0.547608 -0.224314 -0.855429 -0.504987 -0.115024 -0.881049 -0.460275 -0.109087 
0.896208 0.0932373 -0.433725 0.926892 0.125935 -0.35357 0.863676 0.111164 -0.491637 
-0.74189 -0.593636 -0.311762 -0.812814 -0.565135 -0.141262 -0.813628 -0.564068 -0.14084 
0.883655 0.175758 -0.433892 0.906881 0.184046 -0.37907 0.813095 0.356622 -0.460105 
-0.669306 -0.728222 -0.147384 -0.664543 -0.738461 -0.114271 0.882535 0.248772 -0.399055 
0.851022 0.358159 -0.384037 -0.631787 -0.768928 0.0979494 -0.474933 -0.86751 0.147864 
-0.0609577 -0.980391 0.187399 0.246896 -0.961998 0.116631 -0.0993957 -0.99501 -0.0086691 
-0.629964 -0.769012 -0.108471 0.828611 0.355425 -0.432524 0.832235 0.381789 -0.402022 
0.838891 0.352339 -0.414873 0.873802 0.167342 -0.456582 -0.454737 -0.879051 -0.143119 
-0.226853 -0.952968 -0.200974 -0.464643 -0.879508 -0.102824 -0.542381 -0.836149 -0.0817163 
-0.669415 -0.739055 0.0753787 0.855519 0.162094 -0.491744 0.866162 0.210547 -0.453248 
0.861302 0.0388533 -0.506607 -0.782322 -0.574699 -0.240196 -0.673382 -0.666729 -0.319419 
-0.621338 -0.715711 -0.318899 -0.354244 -0.901356 -0.249136 -0.514661 -0.851797 -0.0978046 
0.801447 0.220398 -0.555974 0.803284 0.353791 -0.479132 0.84551 0.117761 -0.520812 
-0.892888 -0.364631 -0.26419 -0.853512 -0.443979 -0.272763 0.784196 0.380136 -0.490442 
0.793326 0.392771 -0.46515 0.800893 0.358892 -0.47934 0.702689 0.351344 -0.618697 
0.775143 0.387042 -0.499351 -0.921169 -0.334098 -0.199562 -0.900684 -0.371343 -0.225552 
0.84551 0.117761 -0.520812 0.853999 0.108895 -0.508751 0.801447 0.220398 -0.555974 
-0.962217 -0.238802 -0.130811 0.861952 0 -0.506989 0.862652 0 -0.505798 
0.860768 0.0524117 -0.506293 -0.943772 -0.324911 -0.0610552 0.861952 0 -0.506989 
0.869973 0 -0.493099 0.860768 -0.0524117 -0.506293 -0.924851 -0.380296 -0.00513392 
0.851434 0 -0.524461 0.86669 0 -0.498846 0.808591 -0.177589 -0.56093 
-0.961359 -0.275252 0.00501353 -0.962001 -0.270293 0.03869 -0.930994 -0.365005 0.0046474 
0.824294 0 -0.566162 0.850914 0 -0.525305 0.626723 -0.214733 -0.749071 
0.630057 -0.573494 -0.523576 -0.933725 -0.356797 0.0292193 0.802558 -0.13157 -0.581885 
0.838581 -0.100208 -0.535481 0.40104 -0.154716 -0.902901 0.458696 -0.386669 -0.800053 
0.743279 -0.443788 -0.500588 -0.870385 -0.492366 0.00235652 0.743279 -0.443788 -0.500588 
0.763327 -0.393123 -0.512627 0.458696 -0.386669 -0.800053 0.40104 -0.154716 -0.902901 
0.802558 -0.13157 -0.581885 -0.829425 -0.558277 -0.0195434 -0.864099 -0.503309 0.00353434 
0.71955 -0.489208 -0.492872 0.678518 -0.520626 -0.518229 0.674114 -0.481414 -0.560188 
0.63933 -0.0857261 -0.764139 0.817622 0.126979 -0.561579 -0.779912 -0.613848 -0.122182 
-0.786981 -0.608658 -0.100975 0.846856 -0.0595057 -0.528482 0.849919 -0.0283974 -0.526148 
0.786338 0.262477 -0.559266 0.773739 0.420253 -0.474041 -0.606992 -0.732657 -0.307854 
-0.712757 -0.678077 -0.179413 -0.733853 -0.659583 -0.162513 0.828232 0.354241 -0.434218 
0.853738 -0.00361691 -0.52069 0.818126 0.335708 -0.466872 0.765249 0.46436 -0.445829 
-0.780286 -0.564575 -0.26909 -0.693414 -0.688915 -0.211122 -0.694144 -0.694144 -0.190599 
-0.723921 -0.670667 -0.161694 0.862158 0.237932 -0.447294 0.816877 0.379579 -0.434317 
-0.643489 -0.748922 -0.158231 -0.636167 -0.757181 -0.148217 -0.692968 -0.695236 -0.190899 
0.843136 0.208311 -0.49571 0.832246 0.31459 -0.456509 0.865804 0.195939 -0.460426 
0.716557 -0.13335 -0.684663 0.649525 -0.518246 -0.556362 -0.472223 -0.858587 -0.199587 
-0.533537 -0.842955 -0.0690312 -0.558991 -0.824567 -0.0872805 -0.624719 -0.766823 -0.147341 
0.675362 -0.549734 -0.491608 0.714744 -0.505475 -0.483358 0.408483 -0.710586 -0.572895 
0.347092 -0.711301 -0.61121 0.21245 -0.817098 -0.535926 0.0131886 -0.870715 -0.49161 
-0.125526 -0.888333 -0.44171 -0.235187 -0.915827 -0.325497 -0.411813 -0.894379 -0.174631 
-0.448735 -0.8839 -0.131747 -0.416394 -0.906178 -0.0738742 -0.484023 -0.873124 -0.0581065 
0.632729 -0.615643 -0.46972 0.380523 -0.836801 -0.393657 0.317408 -0.892634 -0.320089 
0.313397 -0.892294 -0.324951 0.097933 -0.93348 -0.344999 -0.095809 -0.941059 -0.32439 
-0.335885 -0.903916 -0.264797 -0.348776 -0.901971 -0.254567 -0.420685 -0.878415 -0.226741 
-0.454556 -0.877863 -0.150779 0.308816 -0.897046 -0.316134 0.0902453 -0.95375 -0.286734 
-0.0892641 -0.960179 -0.264742 -0.333612 -0.907285 -0.256 0.327304 0.886982 0.325783 
-0.0873863 0.929664 0.357895 -0.429503 0.834418 0.345361 0.65469 0.637803 0.405695 
0.347755 0.863077 0.366285 0.40542 0.850463 0.335182 0.362793 0.844206 0.394585 
0.316342 0.856047 0.408793 -0.227819 0.863998 0.449005 -0.417212 0.812301 0.407555 
-0.34018 0.830062 0.441898 -0.200944 0.911566 0.358704 -0.139847 0.941901 0.305394 
-0.330155 0.919047 0.215292 0.819835 0.431911 0.37593 0.652144 0.633108 0.416992 
0.587284 0.695645 0.413734 0.408731 0.823123 0.394217 -0.366918 0.809958 0.457536 
-0.116576 0.891055 0.43867 -0.0459294 0.908749 0.414808 -0.190714 0.910678 0.366461 
-0.403367 0.861852 0.307418 -0.531412 0.832556 0.15637 -0.419215 0.855865 0.30291 
0.688482 0.629647 0.359914 0.752783 0.535466 0.382876 0.739046 0.541428 0.400833 
-0.453686 0.839139 0.300025 -0.481984 0.831785 0.275365 -0.585159 0.802475 0.116719 
-0.497402 0.822357 0.27626 0.532491 0.800099 0.276215 0.480723 0.782512 0.395703 
0.601952 0.714934 0.3557 0.617417 0.710644 0.337316 0.706449 0.608242 0.3619 
-0.592881 0.763928 0.254768 -0.693669 0.707101 0.137228 -0.630756 0.735951 0.246015 
0.733262 0.54659 0.404432 0.665995 0.568843 0.482564 0.599706 0.731839 0.323672 
0.606561 0.736454 0.299531 0.612913 0.725049 0.314072 -0.679751 0.698667 0.223165 
-0.718571 0.681329 0.139454 -0.707698 0.669377 0.22605 0.215302 0.948858 0.230899 
0.0764474 0.908056 0.411814 0.504517 0.685133 0.525409 0.730298 0.63366 0.255224 
0.7122 0.663913 0.228015 0.616641 0.732213 0.289169 -0.790945 0.558493 0.249984 
-0.862625 0.48834 0.131913 -0.837065 0.478593 0.265085 0.412607 0.892106 0.184124 
-0.0244902 0.928313 0.370993 -0.0646541 0.889858 0.451632 0.129432 0.897533 0.421523 
0.508263 0.824996 0.247083 0.535372 0.811974 0.23254 0.712985 0.664645 0.223383 
-0.923844 0.32018 0.209757 -0.891741 0.346432 0.291176 0.65963 0.712513 0.239193 
0.668049 0.70565 0.236154 0.308091 0.887707 0.342134 -0.125675 0.871848 0.473378 
-0.038217 0.860495 0.508023 0.253984 0.873957 0.414358 0.519322 0.820177 0.240031 
-0.906202 0.321247 0.27495 -0.910715 0.311701 0.271 0.707202 0.685069 0.174773 
0.709897 0.682591 0.17354 -0.963668 0.134725 0.230635 0.804099 0.584521 0.108447 
-0.983534 0.0440229 0.175279 0.864799 0.495934 0.0785674 0.938978 0.336834 0.069735 
-0.985181 -0.108248 0.133044 0.975575 0.21962 0.00451219 -0.902106 -0.416669 0.112212 
0.93852 0.340348 -0.0578189 -0.871724 -0.478479 0.105615 -0.894299 -0.433616 0.110484 
0.914364 0.385337 -0.124312 0.909137 0.405991 -0.0929582 0.906358 0.410238 -0.101094 
-0.286258 -0.873593 0.393562 -0.408091 -0.845969 0.343218 -0.305194 -0.865957 0.3962 
0.583509 -0.718609 0.378311 -0.816622 -0.563924 -0.122955 -0.840254 -0.533737 0.0953823 
0.918973 0.300267 -0.255595 0.892051 0.426638 -0.14908 -0.544521 -0.814746 0.199212 
-0.67713 -0.715706 0.171056 -0.635503 -0.745986 0.199099 -0.0786983 -0.965134 0.249644 
0.606892 -0.702391 0.371926 0.406016 -0.880338 0.245269 0.418127 -0.864763 0.278128 
-0.451263 -0.883254 0.127377 -0.8279 -0.552812 0.0947619 0.817265 0.536412 -0.21057 
0.819151 0.536634 -0.202522 0.817651 0.537861 -0.205311 0.837189 0.405779 -0.366685 
-0.743454 -0.662318 0.0927959 -0.819863 -0.566972 0.0797997 -0.787118 -0.608057 0.103497 
0.325276 -0.912221 0.249093 -0.399748 -0.906888 0.133249 0.860633 0.369845 -0.350037 
0.828528 0.489742 -0.271467 -0.793345 -0.608734 -0.00688079 0.796118 0.477672 -0.371519 
0.801274 0.502688 -0.324444 0.796797 0.493816 -0.348225 0.854884 0.271571 -0.442066 
-0.652158 -0.685749 -0.323168 -0.6251 -0.746911 -0.226657 -0.71266 -0.678364 -0.178712 
-0.776523 -0.629458 -0.0281902 0.790649 0.394157 -0.468524 0.777947 0.490665 -0.392489 
0.792584 0.392899 -0.466306 -0.779391 -0.557019 -0.286844 -0.751489 -0.603079 -0.267505 
-0.710972 -0.667672 -0.220758 0.719775 0.521637 -0.458061 0.747197 0.532531 -0.397627 
0.731266 0.558462 -0.391626 0.803682 0.301851 -0.512817 -0.906961 -0.361255 -0.216602 
-0.835201 -0.477527 -0.272777 -0.799155 -0.532552 -0.278818 0.821353 0.365038 -0.438323 
0.80875 0.436118 -0.39462 0.844524 0.353985 -0.401838 0.664863 0.273382 -0.69514 
0.820037 0.101503 -0.563238 -0.911623 -0.355537 -0.206247 -0.869588 -0.42503 -0.251329 
0.834017 -0.240776 -0.496429 0.869977 -0.196812 -0.452112 0.67275 -0.142753 -0.725968 
0.824294 0 -0.566162 -0.87656 -0.43934 -0.196526 -0.87329 -0.43486 -0.219683 
0.845001 -0.251843 -0.47175 0.84056 -0.230262 -0.490346 0.815428 -0.122847 -0.565673 
0.851434 0 -0.524461 -0.863352 -0.473303 -0.174952 0.815428 0.122847 -0.565673 
0.84056 0.230262 -0.490346 0.851434 0 -0.524461 -0.911493 -0.386663 -0.140254 
-0.892912 -0.424468 -0.150116 0.798814 0.368536 -0.475475 0.827692 0.318434 -0.462087 
0.838209 0.328108 -0.435604 0.665167 0.205764 -0.717785 0.824294 0 -0.566162 
-0.931596 -0.345532 -0.11286 0.819452 0.17943 -0.544337 0.878161 0.204767 -0.432323 
0.581281 0.0694614 -0.810732 0.808106 -0.0606534 -0.585907 -0.855331 -0.511368 -0.0831336 
0.737062 0.203986 -0.644305 0.809958 0.366918 -0.457536 0.478969 0 -0.877832 
0.72606 -0.207549 -0.655561 -0.870451 -0.489637 -0.0506889 -0.850976 -0.52073 -0.068415 
0.816445 0.289078 -0.499851 0.822072 0.355586 -0.444698 0.842712 0.282557 -0.458256 
0.4903 0.16816 -0.855177 0.168893 0 -0.985634 0.421339 -0.249912 -0.87179 
0.650435 -0.533651 -0.54051 -0.809029 -0.580302 -0.0933857 -0.843232 -0.532621 -0.07262 
0.7899 -0.331706 -0.515779 0.825737 -0.258614 -0.501276 0.458696 -0.386669 -0.800053 
0.0823757 -0.262301 -0.961464 0.166535 -0.166535 -0.971871 0.620157 -0.158378 -0.768324 
0.84961 -0.0336364 -0.526338 -0.755603 -0.654248 -0.0320038 -0.822534 -0.564684 -0.0676016 
0.729226 -0.461313 -0.505391 0.536123 -0.69234 -0.482948 0.486927 -0.72446 -0.487914 
0.351865 -0.664556 -0.659209 0.478243 -0.174067 -0.860805 0.746668 0.265004 -0.61013 
-0.710844 -0.703218 -0.013646 -0.727625 -0.685775 -0.0165831 0.481816 -0.724512 -0.492885 
0.654955 -0.530603 -0.538046 0.742099 -0.412894 -0.528022 0.840389 0.029154 -0.541199 
0.80316 0.395217 -0.4458 -0.632805 -0.774169 -0.0147985 -0.694649 -0.719217 -0.0138067 
0.900527 0.136157 -0.412931 0.880136 0.0793182 -0.468048 -0.495581 -0.8673 -0.046808 
-0.506871 -0.860468 -0.0517436 -0.568714 -0.822181 -0.0241271 0.850194 -0.237787 -0.469711 
0.895161 -0.131171 -0.426006 -0.557965 -0.828737 -0.0432428 -0.494952 -0.868338 -0.0318034 
-0.432911 -0.900946 -0.0297302 0.524958 -0.746662 -0.408552 0.620359 -0.681915 -0.387487 
0.265399 -0.895265 -0.357861 0.287532 -0.906713 -0.308539 -0.510641 -0.857616 -0.0611549 
-0.513149 -0.856425 -0.0566914 -0.589558 -0.806347 -0.0471837 0.452581 -0.803109 -0.387539 
0.142416 -0.933013 -0.330461 0.106112 -0.955176 -0.276366 0.0513333 -0.974953 -0.216405 
-0.0777191 -0.984705 -0.155936 -0.149635 -0.985373 -0.0815467 -0.283912 -0.95718 -0.0565664 
-0.510244 -0.858151 -0.0568165 0.319415 0.836018 0.446149 -0.262408 0.829185 0.493553 
0.614346 0.662353 0.428798 0.345696 0.763171 0.545954 0.159949 0.559254 0.813419 
-0.168161 0.4903 0.855177 -0.203986 0.737062 0.644305 -0.0571859 0.831608 0.552411 
-0.0207933 0.851003 0.524749 -0.166271 0.878325 0.448218 -0.401759 0.857023 0.322649 
0.652736 0.57739 0.490466 0.172403 0.733102 0.657905 -0.16211 0.542282 0.824409 
-0.078062 0.404689 0.911116 0 0.533828 0.845593 0.0694614 0.581281 0.810732 
0.205764 0.665167 0.717785 0.0773332 0.822808 0.563033 -0.248643 0.838038 0.485664 
-0.400073 0.817719 0.413858 -0.480219 0.827605 0.290621 0.59222 0.733148 0.33432 
0.462224 0.769624 0.440485 0.0610611 0.843625 0.53345 0.0309695 0.840825 0.540421 
-0.27913 0.804026 0.525003 0.00323179 0.84347 0.537167 -0.124142 0.826527 0.549037 
0 0.839504 0.543354 0.124142 0.826527 0.549037 0.390179 0.77094 0.503399 
0.34403 0.795244 0.49923 0.23805 0.817153 0.52497 -0.264728 0.82432 0.500416 
-0.391517 0.794229 0.464667 -0.344083 0.80665 0.480544 -0.33737 0.84008 0.424791 
-0.547269 0.783323 0.294791 0.582502 0.764043 0.277361 0.521577 0.772365 0.362505 
0.508624 0.770056 0.385117 0.40426 0.782684 0.473265 -0.219576 0.83183 0.50975 
-0.0572378 0.895701 0.440958 0 0.905927 0.423434 0.0572378 0.895701 0.440958 
0.319815 0.809922 0.491676 -0.346999 0.805466 0.480433 -0.24998 0.855071 0.454273 
-0.484791 0.787206 0.381162 -0.682826 0.682826 0.259803 -0.546716 0.753021 0.366143 
0.583348 0.763238 0.2778 0.581263 0.763869 0.280424 0.510432 0.780635 0.360649 
-0.759913 0.540093 0.361707 -0.837793 0.468432 0.28049 -0.80085 0.468843 0.372593 
0.669949 0.691618 0.269873 0.668662 0.692385 0.271098 0.582512 0.762978 0.280257 
-0.907285 0.228327 0.35313 -0.894464 0.155863 0.419096 0.65988 0.703718 0.263324 
0.270958 0.69414 0.666897 -0.118123 0.747622 0.653535 0.0823009 0.80685 0.584996 
0.522782 0.726421 0.446107 0.744988 0.546498 0.382535 0.73944 0.570275 0.357792 
-0.873456 0.214244 0.437235 -0.876084 0.125878 0.465436 -0.906662 0.315985 0.279495 
0.703086 0.686618 0.185004 0.463733 0.623376 0.629566 0.107674 0.271554 0.956381 
0 0.263195 0.964743 0.248739 0.326856 0.911753 0.73455 0.143414 0.663226 
0.830056 -0.0164042 0.557439 -0.810143 0.377737 0.448311 -0.803135 0.348846 0.482991 
-0.93937 0.177832 0.29319 0.478771 0.79768 0.366723 -0.0467614 0.784919 0.617832 
-0.249912 0.421339 0.87179 -0.0850553 0.0850553 0.992739 0.168893 0 0.985634 
0.643145 0 0.765745 0.868743 0.0837422 0.488131 -0.807421 0.380628 0.45077 
-0.965183 0.0910579 0.245213 -0.842831 0.323985 0.429733 0.862831 0.480544 0.156843 
0.557964 0.761261 0.33039 0.349663 0.849127 0.395878 -0.299329 0.818928 0.489652 
-0.588467 0.621837 0.516746 -0.48068 0.740358 0.469911 -0.386669 0.458696 0.800053 
0.173488 0.332345 0.927065 0.728323 0.339417 0.595266 0.827413 0.380186 0.413335 
-0.97233 -0.0964376 0.212778 -0.91068 -0.0365988 0.411489 0.812075 0.547657 0.201508 
0.854144 0.495497 0.157862 -0.620724 0.623082 0.475889 -0.436164 0.753465 0.491988 
-0.526478 0.706156 0.47346 0.0789577 0.83037 0.551589 0.623291 0.671398 0.400915 
0.646402 0.65773 0.386724 0.328915 -0.760405 0.56 -0.487178 -0.745978 0.454064 
0.276301 -0.770173 0.574884 0.407093 -0.696043 0.591438 -0.899243 -0.418612 0.126992 
-0.830459 -0.406243 0.381189 0.886265 0.454908 0.0871351 -0.358773 0.795874 0.487716 
0.103095 0.892391 0.439328 0.606735 0.693418 0.388645 -0.594004 -0.717435 0.363931 
-0.799568 -0.547702 0.2464 -0.676214 -0.642379 0.360673 0.543438 -0.684206 0.486352 
0.711748 -0.464038 0.527337 -0.851223 -0.463522 0.246103 -0.76971 -0.486794 0.413012 
-0.819079 -0.438334 0.370099 0.880851 0.463838 0.0946333 0.880007 0.464708 0.0981544 
-0.799299 -0.594872 0.0851398 0.607465 -0.701812 0.372084 0.598419 -0.693942 0.400424 
0.596053 -0.697814 0.39721 0.54103 -0.730514 0.416696 -0.837016 -0.536008 0.110001 
-0.505811 -0.749183 0.427644 0.816463 0.573002 0.0711147 -0.811121 -0.58468 0.0152762 
-0.800016 -0.594416 0.0815101 0.358389 -0.894208 0.268233 -0.442252 -0.787468 0.429311 
-0.392308 -0.906778 0.154427 0.756866 0.65325 0.0204337 0.737232 0.675595 -0.00777947 
-0.879783 -0.47299 -0.047573 -0.843979 -0.536236 -0.0122681 0.775938 0.615628 -0.137561 
0.745215 0.664533 -0.0552263 0.741899 0.66731 -0.065441 -0.871754 -0.483834 -0.0771348 
0.75877 0.632422 -0.155917 0.743826 0.65888 -0.112251 0.745876 0.654986 -0.121086 
-0.90729 -0.397183 -0.138098 -0.886457 -0.452976 -0.0949056 0.775046 0.599522 -0.199692 
0.774509 0.602361 -0.193126 0.776854 0.598704 -0.195067 0.765163 0.540621 -0.34965 
-0.789979 -0.570661 -0.224232 -0.84814 -0.491048 -0.198824 0.768718 0.560816 -0.307503 
0.802314 0.549906 -0.232152 -0.830961 -0.485644 -0.271393 -0.84121 -0.491634 -0.225084 
-0.832142 -0.512817 -0.211088 0.873686 0.388733 -0.292506 0.838203 0.483701 -0.251893 
0.874252 0.398786 -0.276862 -0.83959 -0.482303 -0.249944 -0.840593 -0.491274 -0.228151 
0.933069 0.0187721 -0.359206 0.943856 0.0831356 -0.319725 -0.870867 -0.444127 -0.210577 
-0.835225 -0.514511 -0.194109 -0.827567 -0.519157 -0.213561 0.898122 -0.0778517 -0.432801 
0.929422 -0.0178617 -0.368585 0.841936 -0.253302 -0.476425 -0.87208 -0.442696 -0.208558 
-0.875311 -0.441948 -0.196246 0.89482 0.0790342 -0.439375 0.91873 0.0503817 -0.39166 
0.841936 0.253302 -0.476425 -0.90032 -0.402774 -0.164913 -0.875464 -0.422049 -0.235454 
-0.874209 -0.435318 -0.215077 0.919177 0.149151 -0.36451 0.920474 0.123726 -0.370701 
-0.884961 -0.429826 -0.179147 -0.855922 -0.473545 -0.207732 0.90448 0.22892 -0.359878 
0.880625 0.318252 -0.35102 -0.778289 -0.61387 -0.132023 -0.817811 -0.548066 -0.175527 
0.823899 0.448289 -0.346738 0.844501 0.41112 -0.343216 0.836516 0.439054 -0.327832 
0.812301 0.417212 -0.407555 -0.813627 -0.573759 -0.0938676 -0.801786 -0.588915 -0.101582 
0.874777 0.295622 -0.383892 0.854879 0.409114 -0.319074 -0.797414 -0.603314 -0.0119786 
0.834031 0.387677 -0.392554 0.840364 0.414144 -0.349675 0.847784 0.386744 -0.362893 
0.858348 0.0275986 -0.512325 -0.675071 -0.733878 0.0755201 -0.74483 -0.667111 0.013814 
0.849933 -0.054254 -0.52409 0.913247 -0.0310812 -0.406219 0.603503 -0.339831 -0.721318 
0.580308 -0.618513 -0.529797 -0.701282 -0.70573 0.100745 -0.677875 -0.729817 0.0886131 
0.699934 -0.579142 -0.417955 0.723143 -0.561575 -0.402116 0.434761 -0.688804 -0.580114 
0.379503 -0.639823 -0.668284 0.434573 -0.663079 -0.609486 0.699655 -0.480872 -0.528437 
-0.676315 -0.731117 0.089814 -0.701222 -0.705698 0.10138 0.690643 -0.595951 -0.409701 
0.504056 -0.735573 -0.452616 0.546153 -0.710968 -0.442991 0.576385 -0.651175 -0.493712 
0.673073 -0.36521 -0.643114 0.860727 0.055323 -0.506053 -0.558797 -0.828858 0.0271977 
-0.563383 -0.825719 0.0280606 -0.66206 -0.744842 0.0829873 0.618092 -0.658009 -0.4301 
0.707051 -0.591522 -0.387532 0.799122 -0.455963 -0.391792 0.895867 -0.129954 -0.424894 
-0.517461 -0.854644 -0.0426488 -0.495384 -0.867521 -0.0447433 -0.421284 -0.906928 0.00136537 
0.769783 -0.535707 -0.347062 0.771508 -0.544514 -0.32906 0.769146 -0.536704 -0.346935 
-0.506724 -0.861631 -0.0286943 -0.497848 -0.867264 0 -0.500937 -0.865484 0 
-0.531494 -0.846816 -0.0203925 0.575499 -0.765655 -0.287355 0.582353 -0.760996 -0.28592 
0.240999 -0.914251 -0.325675 0.0185732 -0.953987 -0.299273 -0.00544085 -0.970794 -0.239854 
-0.0660275 -0.978633 -0.194728 -0.318708 -0.93903 -0.129024 -0.373339 -0.921691 -0.105372 
-0.366499 -0.929843 -0.0327096 -0.348189 -0.937424 0 0.570958 -0.770517 -0.283393 
0.203244 -0.935528 -0.288926 -0.0560055 -0.961959 -0.267393 -0.0854467 -0.977527 -0.192719 
-0.132607 -0.979076 -0.154353 -0.358027 -0.926053 -0.119342 0.0287141 0.841679 0.539214 
0.284706 0.795105 0.535492 -0.27913 0.804026 0.525003 0.498654 0.760078 0.416684 
0.295952 0.719165 0.62866 0.0616529 0.663496 0.745635 0.0289645 0.84265 0.537681 
0.0758312 0.923299 0.376523 0 0.939015 0.343876 -0.0758312 0.923299 0.376523 
0.0236751 0.855297 0.517597 0.0820094 0.677422 0.731009 -0.142753 0.67275 0.725968 
-0.177589 0.808591 0.56093 -0.186928 0.841896 0.50623 -0.488109 0.771615 0.407873 
0.412225 0.735087 0.538254 0.252302 0.54822 0.79737 0.148747 0.473641 0.868066 
0.361795 0.555627 0.748587 0.531117 0.694838 0.484887 0.47281 0.755132 0.454122 
0.353293 0.83011 0.431395 0 0.905927 0.423434 -0.317519 0.841414 0.437269 
-0.365797 0.802162 0.471942 -0.37387 0.806884 0.45734 -0.126979 0.817622 0.561579 
0 0.824294 0.566162 -0.0542127 0.850182 0.52369 -0.230477 0.780292 0.5814 
-0.551163 0.551163 0.626449 -0.779634 0.480547 0.401554 0.667138 0.685989 0.290423 
0.470981 0.536649 0.700133 0.181911 0.353615 0.917532 0.241886 0.479068 0.843792 
0.33144 0.710337 0.620943 0.462112 0.756332 0.463048 0.498129 0.741968 0.448722 
0.550126 0.695903 0.461607 -0.339854 0.79878 0.496438 -0.0990088 0.842781 0.529072 
0 0.846942 0.531685 -0.129642 0.839795 0.527198 -0.586345 0.581481 0.563986 
-0.789546 0.174717 0.588295 -0.692767 0.45413 0.560214 -0.860746 0.130731 0.491961 
0.746256 0.541659 0.386921 0.516877 0.428895 0.740869 0.1909 0.1909 0.962868 
0.395036 0.419355 0.817367 0.562609 0.66287 0.494039 0.530178 0.736235 0.420559 
0.45913 0.77349 0.436936 0.438546 0.789525 0.429334 -0.815428 -0.122847 0.565673 
-0.815481 -0.246017 0.523896 -0.855785 0.0532698 0.514581 0.828757 -0.0403006 0.558156 
0.542611 0.158426 0.824909 0.455499 0.45975 0.762332 0.613973 0.658053 0.435895 
0.615938 0.692783 0.375063 0.588772 0.701446 0.401648 -0.630057 -0.573494 0.523576 
-0.64391 -0.586103 0.491796 -0.748295 -0.421113 0.512561 -0.585953 -0.223304 0.77897 
-0.749446 0.199833 0.631187 0.871431 0.0888044 0.482412 0.69981 0.506277 0.503933 
0.592759 0.695791 0.4056 0.60884 0.703862 0.365913 0.633906 0.681475 0.365726 
-0.706428 -0.524025 0.475769 -0.741504 -0.449663 0.497971 -0.693253 -0.542135 0.474859 
-0.416538 -0.5465 0.726522 -0.166535 -0.166535 0.971871 -0.48268 0.24134 0.841887 
-0.798814 0.368536 0.475475 0.331869 0.862979 0.380959 -0.375576 0.804365 0.460369 
0.849419 0.397754 0.346812 0.739192 0.556488 0.379363 0.717167 0.575404 0.39317 
0.600159 0.697829 0.390953 -0.714309 -0.537446 0.448235 -0.856936 -0.24377 0.454132 
-0.0788023 -0.733944 0.674623 0.265664 -0.265664 0.926739 -0.263195 -0 0.964743 
-0.839309 -0.0215256 0.543228 0.794176 0.572526 0.203711 0.0575266 0.849204 0.524922 
-0.661932 0.488761 0.568294 -0.646235 0.586933 0.48774 0.802902 0.497879 0.32782 
0.797648 0.468647 0.379641 -0.685677 -0.631109 0.362697 -0.927373 -0.155082 0.340484 
0.650667 -0.252784 0.716054 -0.291003 -0.263641 0.91968 -0.804765 -0.417102 0.422349 
0.738729 0.571795 0.356834 0.766939 0.536362 0.352307 -0.086799 0.807486 0.583466 
-0.781582 0.234821 0.577917 -0.652554 0.407655 0.638742 -0.421905 0.495286 0.7594 
-0.0245966 0.842749 0.537744 0.190788 0.908956 0.370674 0.442685 0.832244 0.333765 
0.549079 0.744185 0.380396 0.706525 0.596966 0.38007 -0.946622 -0.180362 0.267165 
0.728357 -0.347166 0.590738 -0.53947 -0.46849 0.699634 0.883027 0.453709 0.120051 
0.858494 0.323546 0.397876 -0.716689 0.462636 0.521848 -0.696156 0.449188 0.559997 
-0.0691983 0.676457 0.733224 0.468349 0.745401 0.474369 0.458815 0.783138 0.419742 
0.405427 0.825478 0.392702 0.429843 0.824279 0.368508 -0.82938 -0.54995 0.0984094 
-0.931969 -0.315212 0.179096 -0.941495 -0.263935 0.209582 -0.459186 -0.766248 0.449458 
0.779843 0.569906 0.258945 0.746234 0.539743 0.389632 -0.626052 0.584911 0.515692 
0.0759205 0.887565 0.454384 0.478177 0.772871 0.417153 -0.907588 -0.409115 0.0943835 
0.585016 0.778498 0.227369 0.58165 0.77954 0.232382 0.671046 0.65457 0.348189 
-0.928153 -0.372046 0.0106535 -0.934742 -0.354406 0.0255837 0.668451 0.724562 0.167881 
0.669151 0.724695 0.164482 0.582282 0.77936 0.231401 -0.890494 -0.454961 -0.00558331 
-0.929092 -0.36934 0.019413 0.629972 0.769781 0.102827 0.62546 0.77534 0.0874492 
-0.912733 -0.405225 -0.0520706 -0.90728 -0.420524 0.00156776 0.678376 0.734703 0.00415213 
0.718315 0.69529 -0.0243918 -0.890503 -0.454827 0.0117216 -0.903308 -0.428967 0.00462469 
0.77056 0.618131 -0.155405 0.743417 0.66293 -0.0886351 0.747538 0.656467 -0.101182 
-0.8638 -0.493463 -0.101704 -0.876993 -0.480482 0.00443537 0.880038 0.457163 -0.12859 
0.867846 0.48353 -0.114199 0.88198 0.457062 -0.11491 -0.85524 -0.518218 0.0039699 
-0.869299 -0.49428 0.00251853 0.97094 0.13294 -0.199006 0.981828 0.145948 -0.121298 
-0.81373 -0.580387 -0.0315248 -0.807611 -0.589695 0.00487484 0.970636 0.068365 -0.230632 
0.977828 0.144103 -0.151945 -0.919231 -0.393559 -0.0112134 -0.8231 -0.567889 0.0028593 
0.940448 0.107228 -0.322583 0.933798 0.273484 -0.230712 -0.902627 -0.405413 -0.144587 
-0.934554 -0.35268 -0.0471684 0.914096 0.131481 -0.38359 0.944324 0.158367 -0.288397 
-0.835225 -0.549491 -0.0214249 -0.866989 -0.497219 -0.0331995 0.879488 0.324287 -0.348337 
0.948253 0.163888 -0.271949 -0.752503 -0.658435 -0.0142703 -0.747715 -0.664002 0.00485377 
0.916359 0.337291 -0.215688 0.941852 0.241033 -0.234132 0.926298 0.323694 -0.192861 
-0.782183 -0.619829 -0.0632552 -0.743298 -0.668849 -0.0122333 -0.747717 -0.664009 0.00337716 
0.863615 0.434196 -0.256209 0.879814 0.454211 -0.140071 -0.641503 -0.761692 0.0911042 
-0.729984 -0.683458 -0.00301196 0.897237 0.417678 -0.143219 0.893149 0.431094 -0.128227 
0.90022 0.415798 -0.129289 -0.643076 -0.756597 0.118382 -0.636457 -0.759095 0.13674 
-0.61663 -0.774911 0.138857 -0.619108 -0.778025 0.10669 0.972659 0.0248071 -0.230911 
0.986842 0.0340528 -0.158061 -0.701852 -0.701852 0.121691 -0.700435 -0.700435 0.137046 
-0.695441 -0.705211 0.137981 0.918711 -0.326364 -0.222389 0.931214 -0.306548 -0.197153 
-0.681205 -0.723712 0.110459 -0.682498 -0.718481 0.134096 -0.69505 -0.706279 0.134447 
0.906723 -0.357965 -0.222967 0.671232 -0.633568 -0.384759 0.832234 -0.472864 -0.28946 
0.523878 -0.734157 -0.431932 -0.590541 -0.796364 0.130637 -0.6235 -0.770524 0.132444 
0.634764 -0.68422 -0.359052 0.657692 -0.668186 -0.347807 0.485798 -0.760406 -0.431026 
0.628381 -0.665762 -0.402366 -0.562203 -0.826091 0.0387583 -0.564354 -0.824578 0.0397004 
-0.575258 -0.810142 0.112911 0.626903 -0.697067 -0.34798 0.493276 -0.797773 -0.346752 
0.569022 -0.755329 -0.325104 0.633764 -0.691501 -0.346654 0.756476 -0.562216 -0.334153 
-0.494169 -0.869237 0.0149966 -0.486806 -0.872995 0.0299928 -0.484552 -0.874192 0.0315893 
0.62675 -0.71843 -0.301732 0.60535 -0.765029 -0.219733 0.623087 -0.748014 -0.228557 
-0.474977 -0.87967 -0.0240352 -0.454921 -0.890473 -0.0102425 -0.358767 -0.933376 0.00978752 
-0.485597 -0.873668 0.0300104 0.579374 -0.790716 -0.197722 0.471098 -0.870114 -0.144809 
0.186752 -0.962503 -0.196751 0.302837 -0.939109 -0.162369 -0.268791 -0.947692 -0.172141 
-0.308931 -0.939792 -0.146123 -0.317212 -0.943977 -0.0910149 -0.205685 -0.977429 -0.0482381 
-0.417484 -0.908075 -0.0332588 0.186578 -0.96785 -0.168684 -0.286729 -0.945273 -0.155706 
0.412969 0.782601 0.465825 0 0.839504 0.543354 -0.368536 0.798814 0.475475 
0.518363 0.712279 0.473243 0.346728 0.604235 0.717412 0 0.405928 0.913905 
-0.24134 0.48268 0.841887 -0.207549 0.72606 0.655561 -0.0606534 0.808106 0.585907 
0 0.809596 0.586987 -0.199278 0.771237 0.604551 -0.651093 0.510833 0.561362 
0.491097 0.777623 0.392589 0.329477 0.858238 0.393539 0.124691 0.870837 0.475495 
-0.158217 0.72696 0.668204 -0.265664 0.265664 0.926739 -0.0850553 0.0850553 0.992739 
0 0.263195 0.964743 0 0.337462 0.941339 -0.0823757 0.262301 0.961464 
-0.495269 -0.092095 0.863844 -0.795105 -0.284706 0.535492 0.573245 0.749532 0.331048 
0.504788 0.770605 0.389046 0.447243 0.786687 0.425556 0.374435 0.814602 0.44297 
0.0100552 0.869978 0.492988 -0.545603 0.644347 0.535848 -0.692943 0.217619 0.687367 
-0.638945 0.551642 0.536135 -0.263195 -0 0.964743 0 -0 1 
-0.0853646 -0 0.99635 -0.421339 -0.249912 0.87179 -0.630057 -0.573494 0.523576 
0.658288 0.690751 0.2992 0.573651 0.732815 0.365931 0.535211 0.756348 0.376148 
0.465533 0.770583 0.435294 -0.784632 0.246414 0.568888 -0.814765 0.255878 0.520273 
-0.319746 0.319746 0.891922 0 0.263195 0.964743 -0.262301 0.0823757 0.961464 
-0.722284 -0.230225 0.652152 0.727868 0.564813 0.388837 0.711655 0.571962 0.40793 
0.745792 0.525955 0.408859 0.719169 0.581624 0.380145 -0.603752 0.603752 0.520545 
-0.638945 0.551642 0.536135 -0.246414 0.784632 0.568888 -0.217619 0.692943 0.687367 
-0.538648 0.232173 0.80991 -0.849328 -0.12447 0.512981 0.779974 0.375308 0.500784 
0.821824 0.283568 0.494161 0.837446 0.274945 0.472324 -0.551642 0.638945 0.536135 
-0.255878 0.814765 0.520273 -0.551642 0.638945 0.536135 -0.802985 0.169545 0.571376 
-0.652851 0.543205 0.527934 -0.915952 -0.101725 0.38818 0.745486 0.54753 0.380081 
-0.442662 0.527071 0.725429 0.599764 0.669384 0.438416 0.633171 0.501909 0.589222 
0.786319 0.409849 0.462306 0.809458 0.383796 0.444387 -0.880415 0.00437277 0.474183 
-0.854353 0.125157 0.504397 -0.94068 -0.168171 0.294686 0.780176 0.273511 0.562599 
-0.517534 0.32867 0.790022 0.435472 0.802069 0.408716 0.369425 0.808418 0.458241 
0.394386 0.777908 0.489203 0.499781 0.728141 0.469073 0.571298 0.677896 0.462683 
0.746261 0.484921 0.456012 -0.90538 -0.136854 0.401942 -0.871788 -0.0139741 0.489684 
0.658871 0.390424 0.643007 -0.163395 0.531826 0.830941 -0.416573 0.739243 0.529138 
0.0823584 0.890536 0.447396 0.42935 0.826146 0.364886 0.337485 0.834301 0.435942 
0.392899 0.792584 0.466306 0.419579 0.779828 0.464565 0.428443 0.770418 0.472116 
0.47036 0.740532 0.479972 -0.940204 -0.242867 0.238813 -0.898186 -0.0416996 0.437634 
0.461817 0.77009 0.440099 0.337625 0.762392 0.552058 0.058509 0.822882 0.565192 
0.0225746 0.881605 0.471448 0.294494 0.882754 0.366086 0.357615 0.853818 0.378294 
0.37509 0.844324 0.382654 0.247216 0.858521 0.44925 0.346999 0.805466 0.480433 
-0.942409 -0.330041 0.0542093 -0.915083 -0.167542 0.366814 0.659977 0.726246 0.192348 
0.48076 0.77727 0.405858 0.415424 0.800966 0.431135 0.394621 0.808311 0.436931 
0.351903 0.809481 0.470005 0.11042 0.849518 0.515874 0.0996653 0.88877 0.447387 
0.297771 0.88075 0.368256 -0.852045 -0.421199 0.310824 0.568208 0.80926 0.149128 
0.503139 0.782405 0.367005 0.477833 0.786125 0.392024 0.462513 0.787255 0.407812 
0.397775 0.818205 0.415109 -0.895532 -0.436032 0.0888719 -0.832401 -0.443071 0.332861 
-0.840228 -0.449652 0.303036 0.446705 0.878186 0.17101 0.47601 0.865641 0.155178 
0.290379 0.896849 0.33368 0.434721 0.800784 0.412023 -0.820047 -0.466256 0.331856 
0.658746 0.750539 0.0523853 0.73119 0.680528 0.0473554 -0.869857 -0.4798 0.114634 
-0.828621 -0.441058 0.344754 -0.82017 -0.471108 0.32462 0.886373 0.454239 0.0894963 
0.905654 0.413006 0.0960067 -0.802617 -0.500309 0.324802 0.973423 0.1949 0.12026 
-0.814335 -0.578961 0.0407691 -0.840518 -0.429446 0.330312 -0.800944 -0.510655 0.312603 
0.931427 0.353716 0.0856105 -0.926606 -0.256826 0.274669 0.87186 0.48959 0.0127169 
-0.876457 -0.418234 0.238546 0.959275 0.188119 -0.210719 0.876576 0.481153 0.0102769 
0.976096 0.216078 -0.0233698 -0.72289 -0.622492 0.299891 -0.866907 -0.437051 0.239707 
0.965917 0.139165 -0.21826 0.996909 0.0632511 -0.0466035 -0.752045 -0.658563 0.0268763 
-0.777166 -0.556509 0.293787 -0.732601 -0.613412 0.294995 0.988069 0.153332 -0.0144537 
-0.710421 -0.689109 0.142938 -0.67149 -0.700367 0.242048 -0.704294 -0.66737 0.24205 
0.929324 0.367814 0.032718 -0.610158 -0.780089 0.138447 -0.601683 -0.752613 0.26749 
-0.551826 -0.775979 0.305524 0.892195 0.44764 0.0600448 0.894186 0.442566 0.0675841 
-0.676314 -0.701816 0.223728 -0.628886 -0.732398 0.260952 0.986767 0.158969 0.0319465 
-0.689742 -0.689742 0.220257 -0.681842 -0.696832 0.222521 0.997622 -0.0653901 -0.0217967 
-0.606638 -0.762329 0.225489 -0.687096 -0.692134 0.221021 0.913925 -0.359064 -0.189248 
0.972589 -0.217089 -0.0833265 -0.591645 -0.787802 0.171243 -0.631449 -0.744892 0.215427 
-0.587149 -0.7758 0.231064 -0.602418 -0.765345 0.226584 0.858035 -0.50106 -0.112764 
0.865218 -0.491682 -0.0982161 -0.591776 -0.789482 0.162849 -0.65077 -0.73383 0.194916 
0.849125 -0.519172 -0.0971913 0.569176 -0.810546 -0.138038 0.595074 -0.795442 -0.114713 
0.503813 -0.817613 -0.278714 -0.490521 -0.870739 0.0346767 -0.514954 -0.852662 0.0882554 
-0.535848 -0.837364 0.108116 -0.553828 -0.81932 0.148289 0.572127 -0.811453 -0.119227 
0.516229 -0.838076 -0.176457 0.525354 -0.831972 -0.178396 0.496302 -0.854242 -0.154775 
-0.488192 -0.872489 0.0207501 -0.475843 -0.879319 0.0192654 -0.441267 -0.895703 0.05477 
0.458453 -0.877515 -0.14067 0.407995 -0.910646 -0.0652957 0.474081 -0.879274 -0.0460826 
0.473338 -0.879887 -0.0418387 -0.425816 -0.900524 -0.0879622 -0.441862 -0.892762 -0.0879404 
-0.29507 -0.955235 -0.0214624 -0.436499 -0.899421 0.0225964 0.473417 -0.879852 -0.0416764 
0.166368 -0.985116 -0.0432231 -0.289234 -0.954898 -0.067182 0.394306 0.783758 0.479839 
-0.059531 0.815939 0.575065 -0.603752 0.603752 0.520545 0.533921 0.741429 0.406461 
0.351344 0.704893 0.616184 0.24134 0.48268 0.841887 -0.248739 0.326856 0.911753 
-0.784632 0.246414 0.568888 0.728728 0.537122 0.424801 0.428168 0.559127 0.709964 
0.0803904 0.33637 0.938293 0 0.0853646 0.99635 -0.263195 -0 0.964743 
-0.692943 0.217619 0.687367 0.798405 0.321985 0.508798 0.266269 0.575466 0.773265 
-0.185736 0.270772 0.944555 -0.0853646 -0 0.99635 -0.0853646 -0 0.99635 
-0.265664 0.265664 0.926739 -0.217619 0.692943 0.687367 -0.246414 0.784632 0.568888 
-0.603752 0.603752 0.520545 0.832574 0.293033 0.470055 0.150759 0.661638 0.734511 
-0.52079 0.401989 0.753115 -0.262301 0.0823757 0.961464 0 -0 1 
0 0.0853646 0.99635 0 0.263195 0.964743 -0.319746 0.319746 0.891922 
-0.794854 0.189966 0.576299 0.672574 0.562032 0.481418 0.790103 0.313151 0.526948 
0.420219 0.525683 0.739644 0.188926 0.627025 0.755743 -0.606157 0.527615 0.595144 
-0.151719 0.625393 0.765418 -0.48268 0.24134 0.841887 -0.0853646 -0 0.99635 
0 -0 1 0 -0 1 -0.337462 -0 0.941339 
-0.813281 -0 0.581871 0.436164 0.753465 0.491988 0.367588 0.711324 0.599081 
0.524035 0.588998 0.615198 0.721672 0.477834 0.500863 0.658004 0.505718 0.557924 
-0.64859 0.501621 0.572458 -0.72606 0.207549 0.655561 -0.711478 0.396956 0.579849 
-0.263195 -0 0.964743 0 -0 1 0 -0 1 
-0.337462 -0 0.941339 -0.828792 -0 0.559556 0.36741 0.840254 0.398727 
0.180974 0.852669 0.490106 0.177589 0.808591 0.56093 0.26265 0.655847 0.707728 
0.398318 0.590888 0.701566 0.596126 0.631849 0.49538 0.628042 0.612758 0.479677 
0.696255 0.525042 0.489449 -0.794854 0.189966 0.576299 -0.815999 0.202623 0.541378 
-0.33637 0.0803904 0.938293 0 -0 1 0 -0 1 
-0.339046 -0.0810299 0.937274 -0.844762 -0.149117 0.513947 0.359418 0.809809 0.463712 
0.163245 0.826261 0.539114 0.17031 0.868947 0.464678 0.245617 0.885686 0.393995 
0.166013 0.875941 0.452955 0.0388533 0.861302 0.506607 0 0.851434 0.524461 
0.126979 0.817622 0.561579 0.443788 0.743279 0.500588 0.507104 0.711067 0.487061 
0.599633 0.640716 0.479503 -0.761149 0.397328 0.512623 -0.775597 0.356578 0.520867 
-0.48268 0.24134 0.841887 -0.0853646 -0 0.99635 -0.0853646 -0 0.99635 
-0.512687 -0.243697 0.823264 -0.828193 -0.429245 0.36034 0.474672 0.783499 0.401019 
0.294494 0.868682 0.398328 0.0792128 0.852848 0.516115 0.185925 0.742314 0.64374 
0.479474 0.730932 0.485637 0.456899 0.761148 0.460322 0.381399 0.812104 0.441612 
0.133938 0.865232 0.48315 0.0137696 0.859026 0.511746 0 0.855436 0.517909 
0.0990088 0.842781 0.529072 0.393123 0.763327 0.512627 -0.77146 0.402711 0.49262 
-0.72606 0.207549 0.655561 -0.775597 0.356578 0.520867 -0.263195 -0 0.964743 
-0.262301 -0.0823757 0.961464 -0.741448 -0.345533 0.575206 0.415318 0.889829 0.188983 
0.157642 0.901714 0.402568 0.343483 0.810768 0.473997 0.542261 0.73938 0.399088 
0.412833 0.809435 0.417593 0.300181 0.854241 0.424457 -0.103195 0.866174 0.488973 
0.0615827 0.848477 0.525636 0.0442144 0.851995 0.52168 0.0861818 0.845203 0.527451 
0.500375 0.708201 0.498072 -0.809596 -0 0.586987 -0.842824 -0 0.53819 
-0.405928 -0 0.913905 -0.505004 -0.240045 0.829065 -0.799365 -0.464157 0.381542 
0.640596 0.730778 0.235796 0.423093 0.833334 0.355733 -0.0441962 0.907351 0.418044 
-0.196221 0.854511 0.480945 -0.136212 0.878331 0.458236 0.357644 0.829258 0.429445 
0.424162 0.81301 0.398874 0.548602 0.749038 0.371455 0.057727 0.848146 0.526607 
-0.72606 -0.207549 0.655561 -0.775597 -0.356578 0.520867 -0.477621 -0.0749985 0.875359 
-0.73831 -0.344071 0.580098 0.907673 0.402558 0.118645 0.883856 0.279466 0.375096 
0.676806 0.664128 0.317596 -0.174 0.843898 0.507505 0.375972 0.824926 0.422069 
-0.761149 -0.397328 0.512623 -0.775597 -0.356578 0.520867 -0.77146 -0.402711 0.49262 
-0.534438 -0.232911 0.812483 -0.551692 -0.2539 0.794463 -0.781899 -0.499352 0.373205 
0.960778 0.189917 0.202082 0.904054 0.125773 0.408495 -0.794854 -0.189966 0.576299 
-0.826229 -0.197464 0.527593 -0.548399 -0.0713833 0.833164 -0.789672 -0.262662 0.554461 
0.89351 0.380897 0.237818 0.844364 0.367089 0.39025 -0.72606 -0.207549 0.655561 
-0.763327 -0.393123 0.512627 -0.584723 -0.0698727 0.808218 -0.899444 -0.225603 0.374304 
0.776866 0.52319 0.350359 0.73559 0.595897 0.322202 -0.630057 -0.573494 0.523576 
-0.64391 -0.586103 0.491796 -0.711067 -0.507104 0.487061 -0.469866 -0.307131 0.827585 
-0.580974 -0.381034 0.719223 -0.870862 -0.423255 0.249909 0.875203 0.411347 0.254586 
0.884824 0.391411 0.252753 -0.743279 -0.443788 0.500588 -0.763327 -0.393123 0.512627 
-0.711067 -0.507104 0.487061 -0.509578 -0.374411 0.774691 -0.488192 -0.327529 0.808945 
-0.683374 -0.613317 0.396033 0.966643 0.108677 0.231927 -0.787507 -0.231999 0.570972 
-0.82384 -0.211048 0.526067 -0.526331 -0.308179 0.792465 -0.731257 -0.465734 0.498353 
0.972578 0.0762972 0.219707 -0.730866 -0.441405 0.520574 -0.763976 -0.433379 0.478042 
-0.552721 -0.68824 0.46992 0.959612 0.185441 0.211557 -0.667023 -0.638354 0.384168 
-0.650518 -0.626211 0.429752 -0.725101 -0.529664 0.440096 -0.631429 -0.712703 0.305534 
0.883265 0.45494 0.113458 0.89294 0.371383 0.254426 -0.656833 -0.656833 0.370324 
-0.640653 -0.640653 0.423235 -0.640653 -0.640653 0.423235 -0.67805 -0.693841 0.242555 
0.89064 0.384879 0.242133 0.89897 0.367313 0.23861 -0.644009 -0.673361 0.363093 
-0.625118 -0.66233 0.412973 -0.636164 -0.647047 0.42027 -0.686445 -0.686445 0.239969 
0.978808 0.107274 0.174437 -0.583806 -0.752916 0.303788 -0.616567 -0.693491 0.372713 
-0.608155 -0.690201 0.392135 -0.603897 -0.763005 0.230504 0.978554 -0.142592 0.148658 
-0.665576 -0.704381 0.246692 -0.676778 -0.654065 0.337892 -0.640694 -0.679109 0.358221 
0.856744 -0.493952 0.148328 0.856185 -0.500329 0.128912 0.853486 -0.499568 0.148304 
-0.594822 -0.781737 0.187279 -0.65494 -0.706507 0.268145 -0.672164 -0.663638 0.328298 
0.718955 -0.686882 0.106289 -0.613156 -0.77243 0.165504 -0.654037 -0.713009 0.252694 
0.705214 -0.702045 0.0990251 0.561104 -0.827652 0.0124807 0.552962 -0.833133 0.0110928 
-0.508024 -0.855945 0.0962812 -0.507071 -0.856156 0.0993758 -0.603109 -0.781279 0.160819 
0.317725 -0.948183 0 0.308361 -0.951217 -0.00997461 0.461425 -0.886821 -0.025215 
0.468705 -0.882716 -0.0335834 0.458243 -0.888477 -0.0249363 -0.4678 -0.881012 -0.0705774 
-0.481013 -0.87602 -0.0348521 -0.482307 -0.875628 0.02559 -0.500622 -0.859997 0.0989089 
0.244675 -0.969551 -0.0102526 -0.124557 -0.991976 -0.0216734 -0.454149 -0.889635 -0.0479429 
0.235374 0.572278 0.785555 0.381195 0.508853 0.771854 -0.666113 0.45692 0.589506 
0.630057 0.573494 0.523576 0.0992741 0.350771 0.931184 -0.771237 0.199278 0.604551 
0.573494 0.630057 0.523576 0.399007 0.399007 0.825583 -0.183295 0.0839184 0.97947 
-0.72606 0.207549 0.655561 0.420075 0.773959 0.47384 0.129168 0.810541 0.571261 
0 0.809596 0.586987 0 0.809596 0.586987 0.0606534 0.808106 0.585907 
0.207549 0.72606 0.655561 0.249912 0.421339 0.87179 0.0850553 0.0850553 0.992739 
-0.0853646 -0 0.99635 -0.48268 0.24134 0.841887 -0.761149 0.397328 0.512623 
0.304071 0.844519 0.440827 -0.141792 0.85903 0.491897 0.481414 0.674114 0.560188 
0.386669 0.458696 0.800053 0.0803904 0.33637 0.938293 0 0.337462 0.941339 
0 0.337462 0.941339 0 0.337462 0.941339 0 0.263195 0.964743 
0 0.0853646 0.99635 0 -0 1 0 -0 1 
-0.337462 -0 0.941339 -0.809596 -0 0.586987 -0.0817721 0.882501 0.463146 
0.504718 0.786614 0.355667 0.164343 0.874249 0.456816 -0.220797 0.819997 0.528067 
-0.181626 0.735739 0.652457 0.100497 0.432944 0.895801 0.0850553 0.0850553 0.992739 
0 -0 1 0 -0 1 0 -0 1 
0 -0 1 0 -0 1 0 -0 1 
0 -0 1 -0.0853646 -0 0.99635 -0.48268 -0.24134 0.841887 
-0.761149 -0.397328 0.512623 0.815195 0.29043 0.501107 0.102035 0.51374 0.851857 
0.0238216 0.764656 0.643998 0.535939 0.717908 0.444272 0.597077 0.684417 0.418417 
0.575261 0.706707 0.411874 0.0694471 0.870991 0.486366 -0.540616 0.668544 0.510669 
-0.670985 0.326762 0.665586 -0.626353 0.575725 0.525569 -0.262301 0.0823757 0.961464 
0 -0 1 0 -0 1 0 -0 1 
0 -0 1 0 -0 1 0 -0 1 
0 -0 1 0 -0 1 -0.263195 -0 0.964743 
-0.72606 -0.207549 0.655561 0.836976 0.0775447 0.541718 0.40104 0.154716 0.902901 
0.416538 0.5465 0.726522 0.686668 0.560907 0.462461 0.708124 0.521927 0.475554 
-0.808106 0.0606534 0.585907 -0.835538 0.131201 0.533538 -0.337462 -0 0.941339 
0 -0 1 0 -0 1 0 -0 1 
0 -0 1 0 -0 1 0 -0 1 
0 -0 1 0 -0 1 -0.33637 -0.0803904 0.938293 
-0.794854 -0.189966 0.576299 0.771243 0.234577 0.591741 0.56076 0.360292 0.745478 
0.609648 0.609648 0.506616 0.633015 0.604601 0.483476 0.680912 0.564645 0.466406 
-0.794854 0.189966 0.576299 -0.835538 0.131201 0.533538 -0.326856 0.248739 0.911753 
0 0.0853646 0.99635 0 -0 1 0 -0 1 
0 -0 1 0 -0 1 0 -0 1 
0 -0 1 -0.0850553 -0.0850553 0.992739 -0.458696 -0.386669 0.800053 
-0.743279 -0.443788 0.500588 0.699044 0.587175 0.408122 0.616769 0.477337 0.625896 
0.631849 0.596126 0.49538 0.629914 0.61723 0.471419 0.62217 0.62217 0.475193 
-0.639609 0.582189 0.501953 -0.667403 0.534033 0.519021 -0.390625 0.683252 0.61691 
-0.249912 0.421339 0.87179 -0.0850553 0.0850553 0.992739 0 -0 1 
0 -0 1 0 -0 1 0 -0 1 
-0.0853646 -0 0.99635 -0.421339 -0.249912 0.87179 -0.630057 -0.573494 0.523576 
0.879308 0.396843 0.263312 0.678433 0.460922 0.572083 0.638556 0.584472 0.500639 
0.635764 0.607801 0.475797 0.629914 0.61723 0.471419 -0.602425 0.61144 0.513055 
-0.472415 0.73169 0.49138 -0.594072 0.594072 0.542363 -0.540124 0.686683 0.486552 
-0.421339 0.249912 0.87179 -0.0853646 -0 0.99635 0 -0 1 
0 -0 1 0 -0 1 -0.263195 -0 0.964743 
-0.72606 -0.207549 0.655561 0.945348 0.127981 0.299897 0.795608 0.320189 0.514283 
0.749701 0.453844 0.481637 0.700331 0.535044 0.472508 -0.699067 0.51571 0.495327 
-0.72606 0.207549 0.655561 -0.763327 0.393123 0.512627 -0.263195 -0 0.964743 
0 -0 1 0 -0 1 0 -0 1 
-0.33637 -0.0803904 0.938293 -0.794854 -0.189966 0.576299 0.952541 0.106288 0.285252 
0.804531 0.39469 0.44379 0.782925 0.401216 0.475451 -0.808106 0.0606534 0.585907 
-0.838581 0.100208 0.535481 -0.337462 -0 0.941339 0 -0 1 
0 -0 1 -0.0850553 -0.0850553 0.992739 -0.458696 -0.386669 0.800053 
-0.74584 -0.454472 0.487009 0.94583 0.170543 0.276261 0.840488 0.329 0.43051 
0.802961 0.392809 0.44828 -0.809596 -0 0.586987 -0.842824 -0 0.53819 
-0.337462 -0 0.941339 0 -0 1 -0.0850553 -0.0850553 0.992739 
-0.399007 -0.399007 0.825583 -0.615077 -0.615077 0.493315 0.909644 0.25152 0.330583 
0.879501 0.20508 0.429443 -0.809596 -0 0.586987 -0.842824 -0 0.53819 
-0.337462 -0 0.941339 -0.0850553 -0.0850553 0.992739 -0.399007 -0.399007 0.825583 
-0.615077 -0.615077 0.493315 0.890366 0.378851 0.252429 0.815971 0.415946 0.401473 
0.810336 0.371715 0.452972 -0.809596 -0 0.586987 -0.842824 -0 0.53819 
-0.404689 -0.078062 0.911116 -0.395036 -0.419355 0.817367 -0.597475 -0.642956 0.479198 
0.959762 0.139289 0.243836 0.865271 0.254932 0.431643 0.83039 0.347967 0.435169 
-0.820037 -0.101503 0.563238 -0.841511 -0.113074 0.528275 -0.610531 -0.36153 0.704661 
-0.613973 -0.658053 0.435895 0.960213 -0.167602 0.223384 0.875012 -0.246184 0.416831 
-0.77156 -0.41142 0.485211 -0.783523 -0.394399 0.480147 -0.685441 -0.612532 0.393669 
0.839457 -0.367159 0.400632 0.803251 -0.491635 0.336278 0.832347 -0.422447 0.358799 
-0.743644 -0.555219 0.372459 -0.757636 -0.501788 0.417368 -0.768693 -0.470325 0.43348 
-0.668342 -0.683679 0.293091 0.735274 -0.664171 0.135086 0.818185 -0.512174 0.261248 
-0.647554 -0.701105 0.298539 -0.64825 -0.699764 0.300171 -0.649884 -0.697529 0.301836 
-0.62091 -0.764255 0.174314 0.767566 -0.597578 0.231825 0.568346 -0.807068 0.160078 
-0.529971 -0.837691 0.131931 -0.607768 -0.771884 0.186583 -0.590831 -0.768568 0.2454 
0.502897 -0.853113 0.138902 0.46777 -0.8825 0.0488346 0.463604 -0.885744 -0.0230054 
0.477813 -0.878421 0.00843116 -0.555507 -0.825695 0.0981847 -0.635591 -0.756958 0.151784 
0.454671 -0.890657 0.00182192 0.158962 -0.98672 0.0333887 -0.168199 -0.983513 0.066419 
-0.517251 -0.85069 0.0936894 0.5882 0.688351 0.424493 0.0228217 0.817176 0.575936 
-0.594331 0.619834 0.512422 0.677165 0.409416 0.611414 -0.0803905 0.33637 0.938292 
-0.794854 0.189966 0.576299 0.630057 0.573494 0.523576 0.421339 0.249912 0.87179 
-0.263195 -0 0.964743 -0.808106 0.0606534 0.585907 0.609648 0.609648 0.506616 
0.399007 0.399007 0.825583 0.0850553 0.0850553 0.992739 -0.263195 -0 0.964743 
-0.692943 0.217619 0.687367 0.609648 0.609648 0.506616 0.399007 0.399007 0.825583 
0.0850553 0.0850553 0.992739 0 -0 1 -0.0853646 -0 0.99635 
-0.265664 0.265664 0.926739 -0.351865 0.664556 0.659209 -0.486927 0.72446 0.487914 
0.72446 0.486927 0.487914 0.458696 0.386669 0.800053 0.0841471 0.168294 0.982139 
0 0.263195 0.964743 0 0.263195 0.964743 0 0.0853646 0.99635 
0 0.0853646 0.99635 -0.0823757 0.262301 0.961464 -0.445338 0.445338 0.776755 
-0.743279 0.443788 0.500588 0.698857 0.336807 0.630999 0.333156 0.159245 0.929327 
0.249912 0.421339 0.87179 0.14402 0.734484 0.663167 -0.151183 0.701797 0.69615 
-0.265664 0.265664 0.926739 -0.0853646 -0 0.99635 0 -0 1 
-0.33637 0.0803904 0.938293 -0.802558 0.13157 0.581885 0.798814 0.368536 0.475475 
0.534438 0.232911 0.812483 0.479068 0.241886 0.843792 0.594072 0.594072 0.542363 
0.429049 0.737023 0.52222 0.253268 0.803101 0.539337 -0.440783 0.70857 0.551035 
-0.664556 0.351865 0.659209 -0.5387 0.641409 0.546256 -0.262301 0.0823757 0.961464 
0 -0 1 -0.337462 -0 0.941339 -0.809596 -0 0.586987 
0.819452 0.17943 0.544337 0.528311 0.143399 0.836854 0.698857 0.336807 0.630999 
0.737638 0.458796 0.495375 0.686683 0.540124 0.486552 -0.743279 0.443788 0.500588 
-0.737451 0.445934 0.507256 -0.48268 0.24134 0.841887 -0.0853646 -0 0.99635 
-0.337462 -0 0.941339 -0.809596 -0 0.586987 0.751086 0.243297 0.61374 
0.604235 0.346728 0.717412 0.716379 0.504006 0.482471 0.725251 0.486609 0.487056 
-0.762307 0.426541 0.486776 -0.72606 0.207549 0.655561 -0.775597 0.356578 0.520867 
-0.263195 -0 0.964743 -0.337462 -0 0.941339 -0.809596 -0 0.586987 
0.834208 0.276075 0.477367 0.686451 0.313982 0.655897 0.664524 0.551869 0.503833 
0.66263 0.592916 0.457572 0.697038 0.555106 0.453868 -0.794854 0.189966 0.576299 
-0.826229 0.197464 0.527593 -0.33637 0.0803904 0.938293 -0.33637 -0.0803904 0.938293 
-0.802558 -0.13157 0.581885 0.853847 -0.260593 0.450596 0.853576 0.0676611 0.516556 
0.816921 0.346359 0.461168 0.74992 0.477105 0.458248 -0.761149 0.397328 0.512623 
-0.778913 0.354263 0.517486 -0.534438 0.232911 0.812483 -0.534438 -0.232911 0.812483 
-0.763764 -0.409816 0.498714 0.908922 -0.198884 0.366478 0.905819 -0.0685683 0.41808 
-0.79391 0.335713 0.506956 -0.805548 -0.0336353 0.591575 -0.821318 0.202889 0.533173 
-0.745624 -0.399541 0.533303 0.830504 -0.485714 0.272662 0.807729 -0.468101 0.358406 
-0.710116 -0.595667 0.375388 -0.790765 -0.433927 0.431738 0.769128 -0.541439 0.339538 
0.568015 -0.803436 0.178464 0.637668 -0.724138 0.262688 -0.658723 -0.720653 0.216201 
-0.669212 -0.660935 0.339589 -0.766552 -0.508384 0.392356 0.622419 -0.745489 0.238415 
0.461694 -0.863683 0.202214 0.465962 -0.871211 0.154502 0.403116 -0.890686 0.210181 
-0.552826 -0.823743 0.125824 -0.409247 -0.867759 0.281978 -0.641698 -0.692091 0.330505 
0.0419202 -0.967668 0.24872 -0.388391 -0.877997 0.279776 0.284706 0.795105 0.535492 
-0.489796 0.685852 0.538244 0.72446 0.486927 0.487914 0.24134 0.48268 0.841887 
-0.648411 0.407267 0.643193 0.670551 0.42872 0.605442 0.181389 0.166091 0.969284 
-0.48268 0.24134 0.841887 -0.761149 0.397328 0.512623 0.635977 0.621526 0.457426 
0.310344 0.682952 0.661259 -0.100497 0.432944 0.895801 -0.40104 0.154716 0.902901 
-0.794854 0.189966 0.576299 0.794152 0.403148 0.454746 0.725938 0.421236 0.543667 
0.192706 0.76226 0.617919 -0.451907 0.658805 0.601461 -0.585953 0.223304 0.77897 
-0.749446 0.199833 0.631187 0.876963 -0.0190273 0.480182 0.847494 0 0.530805 
0.763105 0.0921997 0.639664 0.266109 0.70264 0.659911 -0.598984 0.508333 0.618722 
-0.757497 0.138548 0.637968 -0.724387 0.293032 0.624015 -0.637032 0.148728 0.756353 
-0.800568 0.261506 0.539171 0.794312 -0.47386 0.380164 0.768716 -0.41364 0.487829 
0.568949 -0.595197 0.567483 -0.7218 -0.197041 0.663461 -0.574167 -0.515576 0.636014 
-0.626164 -0.303769 0.718083 -0.78063 -0.428416 0.455056 0.625849 -0.723172 0.292122 
0.461402 -0.685463 0.563248 0.36108 -0.815106 0.453016 -0.441021 -0.644244 0.624861 
-0.112846 -0.815146 0.568157 -0.493763 -0.605139 0.624504 -0.651766 -0.64089 0.405538 
0.0408631 -0.947628 0.31675 -0.393676 -0.872291 0.290047 0.588004 0.184663 0.787496 
-0.668678 0.349057 0.656528 0.495209 -0.641573 0.585792 -0.507145 -0.580064 0.63744 

